,yield_kg_m,LeafN,LeafP,LeafK,LeafMg,LeafB,YAN,TSS,pH,TA,raingrowing,tempgrowing,rainsepoct,tempsepoc,color,trend,Treatment,Vineyard
1,1.085958005,2.58,0.22,1.61,0.29,36,157,21.4,3.48,6.2,7.834876344,16.44802592,7.739998918,14.23273923,Original values,1,1cls,JacobHart
2,0.934711286,2.52,0.2,1.42,0.26,32,176,23,3.53,5.6,7.834876344,16.44802592,7.739998918,14.23273923,Original values,1,1cls,JacobHart
3,1.130905512,2.28,0.21,1.62,0.28,29,136,22.6,3.57,5.2,7.834876344,16.44802592,7.739998918,14.23273923,Original values,1,1cls,JacobHart
4,1.500656168,2.41,0.19,1.31,0.27,30,122,22.4,3.62,5.3,7.834876344,16.44802592,7.739998918,14.23273923,Original values,1,2cls,JacobHart
5,1.709973753,2.37,0.19,1.46,0.25,28,140,21.8,3.5,5.7,7.834876344,16.44802592,7.739998918,14.23273923,Original values,1,2cls,JacobHart
6,1.396325459,2.47,0.18,1.43,0.27,27,169,21.9,3.54,5.8,7.834876344,16.44802592,7.739998918,14.23273923,Original values,1,2cls,JacobHart
7,1.119422572,2.09,0.15,1.32,0.36,24,88,19.8,3.42,5.6,7.650254825,16.21622697,8.036151548,14.09222314,Original values,1,1cls,RibbonSprings
8,1.162328667,1.98,0.15,1.29,0.35,22,118,20.2,3.39,6.2,7.650254825,16.21622697,8.036151548,14.09222314,Original values,1,1cls,RibbonSprings
9,1.32152231,1.8,0.13,0.81,0.52,21,105,21.7,3.38,5,7.650254825,16.21622697,8.036151548,14.09222314,Original values,1,1cls,RibbonSprings
10,1.952099738,1.86,0.14,1.28,0.3,21,89,19.7,3.36,6,7.650254825,16.21622697,8.036151548,14.09222314,Original values,1,NoThin,RibbonSprings
11,2.148293963,1.75,0.15,1.37,0.27,22,112,20,3.42,5.8,7.650254825,16.21622697,8.036151548,14.09222314,Original values,1,NoThin,RibbonSprings
12,2.526246719,1.92,0.15,1.01,0.4,20,121,20.9,3.38,5.7,7.650254825,16.21622697,8.036151548,14.09222314,Original values,1,NoThin,RibbonSprings
13,0.82621151,2.39,0.16,1.09,0.37,26,213,20.7,3.35,6.9,7.429030083,16.18663247,8.004110811,13.86464088,Original values,1,1cls,Roserock
14,0.961246079,2.18,0.17,1.06,0.34,33,174,20,3.34,6.7,7.429030083,16.18663247,8.004110811,13.86464088,Original values,1,1cls,Roserock
15,0.963246591,2,0.15,1.19,0.38,30,191,20.5,3.43,6.4,7.429030083,16.18663247,8.004110811,13.86464088,Original values,1,1cls,Roserock
16,1.584405608,2.04,0.15,1.24,0.38,27,133,20.3,3.24,7.2,7.429030083,16.18663247,8.004110811,13.86464088,Original values,1,2cls,Roserock
17,1.397357724,1.8,0.15,1.05,0.35,33,132,20.8,3.22,7.4,7.429030083,16.18663247,8.004110811,13.86464088,Original values,1,2cls,Roserock
18,1.343343896,1.87,0.14,1.27,0.2,31,116,21.2,3.4,6.2,7.429030083,16.18663247,8.004110811,13.86464088,Original values,1,2cls,Roserock
19,0.869422572,2.02,0.2,1.28,0.28,21,202,21.6,3.31,7.1,7.36569894,16.08823292,7.856199969,13.92223283,Original values,1,1cls,Justice
20,0.72944007,2.12,0.15,1.68,0.31,18,280,21.5,3.37,6.8,7.36569894,16.08823292,7.856199969,13.92223283,Original values,1,1cls,Justice
21,0.924103237,1.92,0.2,1.83,0.21,24,161,20.9,3.28,7.5,7.36569894,16.08823292,7.856199969,13.92223283,Original values,1,1cls,Justice
22,1.13407699,2.02,0.22,1.51,0.21,19,248,21.8,3.4,6.9,7.36569894,16.08823292,7.856199969,13.92223283,Original values,1,NoThin,Justice
23,1.325459318,2.16,0.23,1.55,0.2,19,240,21.7,3.45,6.7,7.36569894,16.08823292,7.856199969,13.92223283,Original values,1,NoThin,Justice
24,0.978783902,2.02,0.16,1.6,0.25,23,177,21,3.36,7.4,7.36569894,16.08823292,7.856199969,13.92223283,Original values,1,NoThin,Justice
25,1.048859277,1.84,0.13,1.52,0.32,31,94,21.6,3.41,5.9,7.650254825,16.21622697,8.036151548,14.09222314,Original values,1,1.75T,WindRidge
26,1.10841914,1.97,0.13,1.39,0.33,28,160,21.6,3.33,7.7,7.650254825,16.21622697,8.036151548,14.09222314,Original values,1,1.75T,WindRidge
27,1.205330103,2,0.12,1.19,0.39,24,91,21.8,3.37,5.9,7.650254825,16.21622697,8.036151548,14.09222314,Original values,1,1.75T,WindRidge
28,1.541490006,2.09,0.13,1.31,0.26,35,102,21.4,3.37,6.4,7.650254825,16.21622697,8.036151548,14.09222314,Original values,1,3.25T,WindRidge
29,1.427417727,2.03,0.13,1.42,0.28,27,196,21.9,3.44,7.2,7.650254825,16.21622697,8.036151548,14.09222314,Original values,1,3.25T,WindRidge
30,1.569755704,1.96,0.12,1.31,0.34,27,125,21,3.34,6.6,7.650254825,16.21622697,8.036151548,14.09222314,Original values,1,3.25T,WindRidge
31,0.662729659,1.87,0.66,1.58,0.27,36,121,22.1,3.5,6,6.536654814,16.34960021,7.440741935,14.04223818,Original values,1,0.5cls,JerHill
32,0.711122047,1.79,0.54,1.28,0.31,30,108,21.6,3.43,6.1,6.536654814,16.34960021,7.440741935,14.04223818,Original values,1,0.5cls,JerHill
33,0.648786089,1.77,0.52,1.56,0.27,27,92,22.1,3.51,5.8,6.536654814,16.34960021,7.440741935,14.04223818,Original values,1,0.5cls,JerHill
34,1.943077428,1.91,0.54,1.32,0.33,34,136,22,3.45,6.3,6.536654814,16.34960021,7.440741935,14.04223818,Original values,1,1.5cls,JerHill
35,1.838090551,2.08,0.5,1.41,0.27,30,84,22.5,3.42,6.1,6.536654814,16.34960021,7.440741935,14.04223818,Original values,1,1.5cls,JerHill
36,1.058070866,2.07,0.3,0.82,0.32,37,87,22.8,3.46,5,7.456737658,16.33630224,7.997009665,14.01168674,Original values,1,1cls,Carter
37,1.116032371,2.15,0.26,0.84,0.38,34,133,23.3,3.4,5.4,7.456737658,16.33630224,7.997009665,14.01168674,Original values,1,1cls,Carter
38,1.308508311,2.13,0.29,1.01,0.29,31,89,23.4,3.41,5.2,7.456737658,16.33630224,7.997009665,14.01168674,Original values,1,1cls,Carter
39,1.340223097,1.88,0.26,1,0.25,25,66,22.1,3.32,6,7.456737658,16.33630224,7.997009665,14.01168674,Original values,1,NoThin,Carter
40,1.879374453,2.15,0.27,0.8,0.39,33,105,22,3.24,6.4,7.456737658,16.33630224,7.997009665,14.01168674,Original values,1,NoThin,Carter
41,1.391622922,2.39,0.23,0.99,0.3,33,104,22.7,3.4,5.3,7.456737658,16.33630224,7.997009665,14.01168674,Original values,1,NoThin,Carter
42,0.572146469,1.79,0.19,1.11,0.28,32,75,19.9,3.56,5,6.650838756,16.41007769,7.626407566,14.2566497,Original values,1,1cls,McCrone
43,0.551141092,1.8,0.15,1.16,0.26,31,73,20,3.57,5.1,6.650838756,16.41007769,7.626407566,14.2566497,Original values,1,1cls,McCrone
44,0.378096793,1.79,0.15,1.14,0.3,29,118,20.1,3.5,5.8,6.650838756,16.41007769,7.626407566,14.2566497,Original values,1,1cls,McCrone
45,0.720184367,1.64,0.15,1.08,0.28,28,106,19.5,3.51,5.6,6.650838756,16.41007769,7.626407566,14.2566497,Original values,1,NoThin,McCrone
46,0.790202292,1.87,0.15,1.26,0.26,35,91,20,3.49,5.3,6.650838756,16.41007769,7.626407566,14.2566497,Original values,1,NoThin,McCrone
47,1.260322643,2.07,0.16,1.14,0.24,30,50,19.7,3.53,4.8,6.650838756,16.41007769,7.626407566,14.2566497,Original values,1,NoThin,McCrone
48,0.603674541,2.1,0.15,0.9,0.32,21,177,21.3,3.32,6.9,7.907042956,16.11284293,7.725425751,14.00923045,Original values,1,1cls,estate
49,0.541807274,2.08,0.16,1.11,0.31,20,203,20.5,3.33,7,7.907042956,16.11284293,7.725425751,14.00923045,Original values,1,1cls,estate
50,0.560554931,2.15,0.16,1.11,0.29,21,195,21.4,3.34,7.2,7.907042956,16.11284293,7.725425751,14.00923045,Original values,1,1cls,estate
51,0.982377203,2.31,0.16,0.86,0.33,21,176,21.2,3.29,7.2,7.907042956,16.11284293,7.725425751,14.00923045,Original values,1,2cls,estate
52,0.90176228,2.27,0.15,0.91,0.32,17,189,20.8,3.3,6.9,7.907042956,16.11284293,7.725425751,14.00923045,Original values,1,2cls,estate
53,0.723659543,2.31,0.25,0.99,0.33,23,211,21.4,3.36,7.1,7.907042956,16.11284293,7.725425751,14.00923045,Original values,1,2cls,estate
54,1.518413714,2.23,0.13,1.8,0.29,29,297,19.9,3.63,5.5,5.802197839,16.14290399,7.268669867,14.03880317,Original values,1,2T,estate
55,1.736794619,2.37,0.14,1.95,0.26,33,259,20.5,3.69,5.5,5.802197839,16.14290399,7.268669867,14.03880317,Original values,1,2T,estate
56,2.050524934,2.29,0.12,1.26,0.32,59,232,22.5,3.52,5.5,5.802197839,16.14290399,7.268669867,14.03880317,Original values,1,2T,estate
57,2.004388123,2.16,0.13,1.72,0.37,41,303,21.2,3.49,6.7,5.802197839,16.14290399,7.268669867,14.03880317,Original values,1,3T,estate
58,1.937746063,2.24,0.14,2.01,0.31,35,283,21,3.67,5.7,5.802197839,16.14290399,7.268669867,14.03880317,Original values,1,3T,estate
59,1.943897638,2.44,0.14,1.25,0.41,44,206,21.2,3.41,5.8,5.802197839,16.14290399,7.268669867,14.03880317,Original values,1,3T,estate
60,0.656167979,1.73,0.17,1.4,0.29,26,116,19.3,3.42,6.3,7.160453809,16.06963485,7.77137958,14.10011373,Original values,1,1cls,estate
61,0.780183727,1.96,0.22,1.6,0.3,24,111,20.7,3.46,6.1,7.160453809,16.06963485,7.77137958,14.10011373,Original values,1,1cls,estate
62,0.802493438,2,0.18,1.43,0.28,40,99,18.9,3.33,6.7,7.160453809,16.06963485,7.77137958,14.10011373,Original values,1,1cls,estate
63,1.362204724,1.81,0.18,1.6,0.32,26,118,20.1,3.3,7.1,7.160453809,16.06963485,7.77137958,14.10011373,Original values,1,NoThin,estate
64,1.379265092,1.78,0.16,1.5,0.25,26,125,20.3,3.4,6.6,7.160453809,16.06963485,7.77137958,14.10011373,Original values,1,NoThin,estate
65,1.577427822,2.37,0.16,1.84,0.24,25,181,20.2,3.46,7,7.160453809,16.06963485,7.77137958,14.10011373,Original values,1,NoThin,estate
66,1.270505249,2.38,0.16,0.45,0.84,25,276,19,3.35,5.3,8.115891446,16.26355433,8.608797884,13.78835887,Original values,1,1cls,WaldoHill
67,1.349245407,2.47,0.17,0.4,0.8,33,284,18.7,3.31,5.4,8.115891446,16.26355433,8.608797884,13.78835887,Original values,1,1cls,WaldoHill
68,1.028543307,2.29,0.16,0.46,0.7,28,245,19.6,3.34,5.2,8.115891446,16.26355433,8.608797884,13.78835887,Original values,1,1cls,WaldoHill
69,2.055446194,2.35,0.15,0.38,0.78,25,311,18.5,3.27,6,8.115891446,16.26355433,8.608797884,13.78835887,Original values,1,2cls,WaldoHill
70,1.814304462,2.33,0.16,0.39,0.79,28,300,19,3.33,5.5,8.115891446,16.26355433,8.608797884,13.78835887,Original values,1,2cls,WaldoHill
71,1.532152231,2.46,0.17,0.46,0.86,34,327,19.4,3.37,5.4,8.115891446,16.26355433,8.608797884,13.78835887,Original values,1,2cls,WaldoHill
72,1.232283465,2.54,0.18,1.11,0.28,28,139,24.7,3.51,5.3,7.114655958,17.04155609,7.52348061,16.97165455,Original values,2,1cls,JacobHart
73,1.049540682,2.3,0.14,1.1,0.29,20,91,24.3,3.54,5,7.114655958,17.04155609,7.52348061,16.97165455,Original values,2,1cls,JacobHart
74,1.12828084,2.32,0.16,1.2,0.26,23,113,25.1,3.68,5.1,7.114655958,17.04155609,7.52348061,16.97165455,Original values,2,1cls,JacobHart
75,1.877296588,2.3,0.16,1.1,0.24,25,80,22.3,3.51,6.1,7.114655958,17.04155609,7.52348061,16.97165455,Original values,2,2cls,JacobHart
76,1.823818898,2.09,0.12,0.86,0.26,20,51,20.6,3.37,6.1,7.114655958,17.04155609,7.52348061,16.97165455,Original values,2,2cls,JacobHart
77,1.543635171,2.29,0.16,1.11,0.29,19,94,23.1,3.61,5.3,7.114655958,17.04155609,7.52348061,16.97165455,Original values,2,2cls,JacobHart
78,1.312335958,2.365,0.18,1.13,0.33,24,134,25,3.76,4,6.713164517,16.7736236,7.365106442,16.76651561,Original values,2,1cls,RibbonSprings
79,1.677165354,2.389,0.17,1.12,0.32,22,92,25.4,3.7,4.2,6.713164517,16.7736236,7.365106442,16.76651561,Original values,2,1cls,RibbonSprings
80,1.594488189,2.1422,0.15,0.92,0.4,24,121,25.4,3.55,4.1,6.713164517,16.7736236,7.365106442,16.76651561,Original values,2,1cls,RibbonSprings
81,2.463254593,2.1657,0.15,1.12,0.28,22,64,23.9,3.68,4,6.713164517,16.7736236,7.365106442,16.76651561,Original values,2,NoThin,RibbonSprings
82,2.818897638,2.2989,0.18,1.24,0.28,25,112,25.1,3.71,4.2,6.713164517,16.7736236,7.365106442,16.76651561,Original values,2,NoThin,RibbonSprings
83,2.681102362,2.2166,0.16,1.06,0.39,27,64,23.6,3.6,3.9,6.713164517,16.7736236,7.365106442,16.76651561,Original values,2,NoThin,RibbonSprings
84,0.60941601,2.03,0.17,0.67,0.48,35,85,26.4,3.49,5.1,7.97033007,15.73619,6.818215063,16.1531011,Original values,2,1cls,estate
85,0.898129921,1.91,0.16,0.67,0.62,51,86,24.7,3.39,5.9,7.97033007,15.73619,6.818215063,16.1531011,Original values,2,1cls,estate
86,0.647692476,1.91,0.15,0.55,0.48,45,93,26.9,3.43,5.6,7.97033007,15.73619,6.818215063,16.1531011,Original values,2,1cls,estate
87,0.840715223,1.71,0.13,0.54,0.42,27,73,25.2,3.48,5.1,7.97033007,15.73619,6.818215063,16.1531011,Original values,2,NoThin,estate
88,0.288713911,1.89,0.15,0.57,0.58,45,91,25.3,3.3,6.3,7.97033007,15.73619,6.818215063,16.1531011,Original values,2,NoThin,estate
89,0.558973097,2.05,0.15,0.58,0.46,44,83,24.6,3.35,6.1,7.97033007,15.73619,6.818215063,16.1531011,Original values,2,NoThin,estate
90,1.377952756,2.0581,0.19,1.09,0.19,18,157,23.5,3.49,4.6,6.552615098,16.58879832,7.059655866,16.67426562,Original values,2,1cls,Justice
91,1.446850394,2.2425,0.14,1.19,0.3,15,129,23.4,3.58,4,6.552615098,16.58879832,7.059655866,16.67426562,Original values,2,1cls,Justice
92,1.370297463,1.95,0.17,1.44,0.24,19,115,24.3,3.56,4.5,6.552615098,16.58879832,7.059655866,16.67426562,Original values,2,1cls,Justice
93,1.666666667,2.1443,0.16,1.24,0.19,23,99,23.3,3.5,5.1,6.552615098,16.58879832,7.059655866,16.67426562,Original values,2,1cls,Justice
94,2.624671916,2.3999,0.17,1.15,0.18,16,134,22.8,3.43,5.2,6.552615098,16.58879832,7.059655866,16.67426562,Original values,2,NoThin,Justice
95,2.478127734,2.3986,0.18,1.17,0.19,16,187,23.3,3.49,5,6.552615098,16.58879832,7.059655866,16.67426562,Original values,2,NoThin,Justice
96,2.804024497,2.1287,0.15,1.26,0.23,19,77,22.4,3.4,5.3,6.552615098,16.58879832,7.059655866,16.67426562,Original values,2,NoThin,Justice
97,2.138013998,2.078,0.16,1.35,0.21,20,111,23.4,3.5,5.1,6.552615098,16.58879832,7.059655866,16.67426562,Original values,2,NoThin,Justice
98,1.021212121,2.27,0.15,1.39,0.25,32,68,25.3,3.59,4.7,6.713164517,16.7736236,7.365106442,16.76651561,Original values,2,1.75T,WindRidge
99,0.902020202,2.46,0.13,1.14,0.28,32,164,25.2,3.46,6.1,6.713164517,16.7736236,7.365106442,16.76651561,Original values,2,1.75T,WindRidge
100,0.912121212,2.2,0.14,1.47,0.34,36,92,25.1,3.54,5.3,6.713164517,16.7736236,7.365106442,16.76651561,Original values,2,1.75T,WindRidge
101,1.671717172,2.24,0.15,1.08,0.25,40,79,24.4,3.66,4.5,6.713164517,16.7736236,7.365106442,16.76651561,Original values,2,3.25T,WindRidge
102,2.213131313,2.46,0.15,1.29,0.28,28,150,25.3,3.61,5.2,6.713164517,16.7736236,7.365106442,16.76651561,Original values,2,3.25T,WindRidge
103,1.78989899,2.34,0.13,1.18,0.26,23,116,25.1,3.48,5.4,6.713164517,16.7736236,7.365106442,16.76651561,Original values,2,3.25T,WindRidge
104,0.601,2.25,0.16,0.72,0.35,23,246,24.1,3.38,6.1,6.851911802,16.68477603,6.920501177,16.68195832,Original values,2,1cls,Roserock
105,0.51,2.04,0.15,0.76,0.25,21,166,24.4,3.37,5.3,6.851911802,16.68477603,6.920501177,16.68195832,Original values,2,1cls,Roserock
106,0.926,1.97,0.15,0.64,0.43,24,123,23.9,3.47,5.2,6.851911802,16.68477603,6.920501177,16.68195832,Original values,2,1cls,Roserock
107,0.959,1.83,0.14,0.82,0.32,32,157,24.8,3.43,5.4,6.851911802,16.68477603,6.920501177,16.68195832,Original values,2,1cls,Roserock
108,0.944,2.35,0.17,0.69,0.34,21,228,23.4,3.31,6.5,6.851911802,16.68477603,6.920501177,16.68195832,Original values,2,NoThin,Roserock
109,0.699,1.84,0.15,0.58,0.31,23,117,24.7,3.38,5.5,6.851911802,16.68477603,6.920501177,16.68195832,Original values,2,NoThin,Roserock
110,0.839,1.95,0.14,0.54,0.33,21,136,24.8,3.3,5.7,6.851911802,16.68477603,6.920501177,16.68195832,Original values,2,NoThin,Roserock
111,0.632,2.04,0.14,0.63,0.31,23,162,24.3,3.32,5.7,6.851911802,16.68477603,6.920501177,16.68195832,Original values,2,NoThin,Roserock
112,1.810203412,2.28,0.39,1.03,0.19,31,86,23.5,3.45,5.8,6.11793545,16.89208032,6.580087166,16.7279288,Original values,2,1cls,JerHill
113,1.371391076,1.98,0.46,1.26,0.26,44,110,25,3.63,5.7,6.11793545,16.89208032,6.580087166,16.7279288,Original values,2,1cls,JerHill
114,1.57152231,1.57,0.52,1.12,0.25,35,57,24.2,3.54,5.8,6.11793545,16.89208032,6.580087166,16.7279288,Original values,2,1cls,JerHill
115,2.233431759,2.04,0.45,1.04,0.24,33,95,23.9,3.5,5.6,6.11793545,16.89208032,6.580087166,16.7279288,Original values,2,1.5cls,JerHill
116,1.908628609,2.47,0.47,1.49,0.3,41,75,23.7,3.56,5.6,6.11793545,16.89208032,6.580087166,16.7279288,Original values,2,1.5cls,JerHill
117,2.51312336,2.18,0.38,1.06,0.24,27,76,25.2,3.52,5.3,6.11793545,16.89208032,6.580087166,16.7279288,Original values,2,1.5cls,JerHill
118,1.072834646,2.3697,0.19,1.05,0.22,22,119,27,3.43,5.2,6.893897852,16.83343906,6.936626917,16.76793549,Original values,2,1cls,Carter
119,1.372484689,2.6489,0.19,1.07,0.24,24,101,27.1,3.44,5.2,6.893897852,16.83343906,6.936626917,16.76793549,Original values,2,1cls,Carter
120,1.165791776,2.4477,0.19,1.01,0.21,21,151,28.1,3.57,5.2,6.893897852,16.83343906,6.936626917,16.76793549,Original values,2,1cls,Carter
121,1.665573053,2.0112,0.18,1,0.48,28,66,25.2,3.4,5.7,6.893897852,16.83343906,6.936626917,16.76793549,Original values,2,NoThin,Carter
122,2.941272966,2.4147,0.18,0.91,0.27,22,107,24.9,3.33,5.4,6.893897852,16.83343906,6.936626917,16.76793549,Original values,2,NoThin,Carter
123,2.152230971,2.16,0.18,0.95,0.23,24,99,26.5,3.45,4.8,6.893897852,16.83343906,6.936626917,16.76793549,Original values,2,NoThin,Carter
124,0.644,1.91,0.14,1.07,0.22,26,84,25.3,3.74,4,6.124359172,16.96730741,6.87527742,16.95309242,Original values,2,1cls,McCrone
125,0.867,2.4,0.16,1.25,0.26,31,101,24.6,3.73,4.1,6.124359172,16.96730741,6.87527742,16.95309242,Original values,2,1cls,McCrone
126,0.946,2.12,0.16,1.2,0.23,24,180,26.3,3.85,4.1,6.124359172,16.96730741,6.87527742,16.95309242,Original values,2,1cls,McCrone
127,1.131,2,0.14,1.3,0.26,27,98,24.7,3.72,4,6.124359172,16.96730741,6.87527742,16.95309242,Original values,2,NoThin,McCrone
128,1.668,2.41,0.15,1.19,0.22,27,151,25.5,3.63,4.8,6.124359172,16.96730741,6.87527742,16.95309242,Original values,2,NoThin,McCrone
129,1.004,2.35,0.15,1.29,0.22,24,144,26.1,3.8,3.8,6.124359172,16.96730741,6.87527742,16.95309242,Original values,2,NoThin,McCrone
130,1.086915888,2.31,0.14,0.89,0.23,20,162,24.2,3.42,5,7.090137583,16.71982644,7.360849437,16.79886321,Original values,2,1cls,estate
131,0.768224299,2.49,0.16,0.84,0.23,21,189,23.9,3.36,5.6,7.090137583,16.71982644,7.360849437,16.79886321,Original values,2,2cls,estate
132,1.583005249,2.18,0.12,1.15,0.3,29,348,21.2,3.7,4.9,6.131593589,16.59695335,6.672163501,16.71302151,Original values,2,2T,estate
133,0.972974081,2.53,0.14,1.47,0.26,37,726,23.3,3.99,5.3,6.131593589,16.59695335,6.672163501,16.71302151,Original values,2,2T,estate
134,1.989009186,2.45,0.14,1.1,0.29,50,247,24.3,3.62,5.2,6.131593589,16.59695335,6.672163501,16.71302151,Original values,2,2T,estate
135,1.552247375,2.59,0.14,1.39,0.26,30,307,21.9,3.61,5.4,6.131593589,16.59695335,6.672163501,16.71302151,Original values,2,3T,estate
136,1.751148294,2.74,0.16,1.55,0.26,36,445,21.1,3.75,5.7,6.131593589,16.59695335,6.672163501,16.71302151,Original values,2,3T,estate
137,3.75246063,2.62,0.14,0.97,0.31,41,177,20.2,3.31,6,6.131593589,16.59695335,6.672163501,16.71302151,Original values,2,3T,estate
138,1.208661417,2.1783,0.16,1.42,0.19,30,87,24,3.53,5.6,6.349552719,16.62356582,7.193561269,16.75824705,Original values,2,1cls,estate
139,1.295931759,2.2973,0.21,1.28,0.2,25,162,25.4,3.55,5.9,6.349552719,16.62356582,7.193561269,16.75824705,Original values,2,1cls,estate
140,1.260498688,2.5385,0.2,1.21,0.19,31,181,24.2,3.52,6.3,6.349552719,16.62356582,7.193561269,16.75824705,Original values,2,1cls,estate
141,1.477690289,2.2301,0.17,1.3,0.24,26,165,24.7,3.55,5.9,6.349552719,16.62356582,7.193561269,16.75824705,Original values,2,1cls,estate
142,2.467191601,2.3085,0.18,1.37,0.25,29,135,24.7,3.56,6,6.349552719,16.62356582,7.193561269,16.75824705,Original values,2,NoThin,estate
143,3.108048994,2.2237,0.18,1.21,0.19,25,131,24.2,3.61,5.8,6.349552719,16.62356582,7.193561269,16.75824705,Original values,2,NoThin,estate
144,3.022309711,2.0205,0.15,1.56,0.23,28,212,23.7,3.47,7.2,6.349552719,16.62356582,7.193561269,16.75824705,Original values,2,NoThin,estate
145,2.54855643,2.5582,0.21,1.17,0.24,35,236,24.8,3.57,6.2,6.349552719,16.62356582,7.193561269,16.75824705,Original values,2,NoThin,estate
146,0.688976378,2.27,0.14,0.52,0.74,32,276,24.6,3.52,4.8,8.984134461,16.73239894,6.778132229,16.76763434,Original values,2,1cls,WaldoHill
147,0.860400262,2.8,0.17,0.47,0.58,42,392,24.7,3.49,5.1,8.984134461,16.73239894,6.778132229,16.76763434,Original values,2,1cls,WaldoHill
148,0.866961942,2.62,0.16,0.58,0.45,26,326,24.4,3.56,4.8,8.984134461,16.73239894,6.778132229,16.76763434,Original values,2,1cls,WaldoHill
149,2.090715223,2.58,0.13,0.39,0.64,26,338,22.9,3.49,5.3,8.984134461,16.73239894,6.778132229,16.76763434,Original values,2,NoThin,WaldoHill
150,1.799540682,2.62,0.14,0.43,0.52,25,300,23.1,3.47,5.4,8.984134461,16.73239894,6.778132229,16.76763434,Original values,2,NoThin,WaldoHill
151,1.824146982,2.35,0.15,0.33,0.81,52,413,23.6,3.56,4.9,8.984134461,16.73239894,6.778132229,16.76763434,Original values,2,NoThin,WaldoHill
152,0.924540682,2.1746,0.15,1.46,0.43,27,171,24,3.42,6.8,4.255442974,17.48956612,4.023192478,15.48600591,Original values,3,1cls,JacobHart
153,0.784120735,2.2425,0.13,1.17,0.31,19,126,24.8,3.48,5.9,4.255442974,17.48956612,4.023192478,15.48600591,Original values,3,1cls,JacobHart
154,1.082020997,1.8278,0.13,1.7,0.36,29,118,24.8,3.5,5.9,4.255442974,17.48956612,4.023192478,15.48600591,Original values,3,1cls,JacobHart
155,1.332677165,2.29,0.19,1.52,0.28,21,134,24.2,3.47,6.3,4.255442974,17.48956612,4.023192478,15.48600591,Original values,3,2cls,JacobHart
156,1.328740157,2.1,0.12,1.45,0.34,24,92,23.9,3.43,6,4.255442974,17.48956612,4.023192478,15.48600591,Original values,3,2cls,JacobHart
157,1.179790026,2.39,0.14,1.63,0.31,21,139,24.4,3.43,6.4,4.255442974,17.48956612,4.023192478,15.48600591,Original values,3,2cls,JacobHart
158,2.400918635,2.3,0.24,1.16,0.32,37,124,25.7,3.48,6.3,3.746167747,17.22069365,3.895132259,15.30313692,Original values,3,1cls,RibbonSprings
159,2.447506562,2.01,0.22,1.29,0.35,38,94,26.2,3.55,5.6,3.746167747,17.22069365,3.895132259,15.30313692,Original values,3,1cls,RibbonSprings
160,2.269685039,1.82,0.21,0.87,0.4,28,129,27,3.46,5.3,3.746167747,17.22069365,3.895132259,15.30313692,Original values,3,1cls,RibbonSprings
161,3.479658793,1.95,0.21,1.23,0.31,34,75,24.6,3.43,5.9,3.746167747,17.22069365,3.895132259,15.30313692,Original values,3,NoThin,RibbonSprings
162,3.677165354,2.06,0.22,1.1,0.28,33,109,25.3,3.49,6.4,3.746167747,17.22069365,3.895132259,15.30313692,Original values,3,NoThin,RibbonSprings
163,3.56167979,1.79,0.23,0.89,0.41,42,93,23.7,3.3,6.1,3.746167747,17.22069365,3.895132259,15.30313692,Original values,3,NoThin,RibbonSprings
164,0.585083115,2.2261,0.13,0.55,0.46,27,112,24.1,3.35,6.3,4.007611837,16.13897969,4.849569832,14.79241584,Original values,3,1cls,estate
165,0.533136483,1.9697,0.13,0.49,0.41,33,101,23.3,3.23,7.8,4.007611837,16.13897969,4.849569832,14.79241584,Original values,3,1cls,estate
166,0.579615048,2.0459,0.14,0.55,0.43,36,92,23.1,3.21,7.5,4.007611837,16.13897969,4.849569832,14.79241584,Original values,3,1cls,estate
167,1.049868766,2.1897,0.13,0.46,0.47,32,117,23.6,3.37,6.2,4.007611837,16.13897969,4.849569832,14.79241584,Original values,3,NoThin,estate
168,0.669838145,1.9887,0.14,0.5,0.5,36,117,23.5,3.17,7.9,4.007611837,16.13897969,4.849569832,14.79241584,Original values,3,NoThin,estate
169,0.672572178,2.0621,0.14,0.55,0.51,49,88,22.8,3.23,7.4,4.007611837,16.13897969,4.849569832,14.79241584,Original values,3,NoThin,estate
170,1.149387577,1.83,0.16,0.93,0.31,20,93,23.3,3.26,6.8,4.014755921,16.9742976,3.463654841,15.24811105,Original values,3,1cls,Justice
171,1.022528434,1.93,0.12,1.49,0.42,18,169,23.6,3.36,6.2,4.014755921,16.9742976,3.463654841,15.24811105,Original values,3,1cls,Justice
172,1.170166229,1.85,0.14,0.93,0.28,16,101,24.4,3.37,6.2,4.014755921,16.9742976,3.463654841,15.24811105,Original values,3,1cls,Justice
173,1.306867892,2.03,0.15,1.06,0.22,22,86,23.5,3.25,7.1,4.014755921,16.9742976,3.463654841,15.24811105,Original values,3,1cls,Justice
174,1.584645669,2.06,0.16,1.15,0.29,18,144,23.2,3.27,7.1,4.014755921,16.9742976,3.463654841,15.24811105,Original values,3,NoThin,Justice
175,1.791338583,2.13,0.16,1.15,0.21,16,158,22.8,3.27,7.5,4.014755921,16.9742976,3.463654841,15.24811105,Original values,3,NoThin,Justice
176,1.802274716,2.34,0.15,0.9,0.26,15,103,23.4,3.23,7.6,4.014755921,16.9742976,3.463654841,15.24811105,Original values,3,NoThin,Justice
177,1.835083115,2.11,0.14,1.09,0.2,17,101,23.2,3.25,7.1,4.014755921,16.9742976,3.463654841,15.24811105,Original values,3,NoThin,Justice
178,1.206339592,2.4223,0.17,1.26,0.3,39,87,22.4,3.36,6.6,3.746167747,17.22069365,3.895132259,15.30313692,Original values,3,1.75T,WindRidge
179,1.127599435,2.4048,0.18,1.54,0.36,54,266,22.1,3.22,10.2,3.746167747,17.22069365,3.895132259,15.30313692,Original values,3,1.75T,WindRidge
180,1.067030083,2.6045,0.17,1.78,0.4,58,66,22.8,3.38,6,3.746167747,17.22069365,3.895132259,15.30313692,Original values,3,1.75T,WindRidge
181,1.617201696,2.5421,0.17,1.2,0.29,37,104,22.6,3.4,6.7,3.746167747,17.22069365,3.895132259,15.30313692,Original values,3,3.25T,WindRidge
182,1.701998789,2.5532,0.15,1.2,0.29,33,130,22.9,3.35,7.5,3.746167747,17.22069365,3.895132259,15.30313692,Original values,3,3.25T,WindRidge
183,1.724207551,2.3151,0.16,1.09,0.27,34,81,23,3.32,6.6,3.746167747,17.22069365,3.895132259,15.30313692,Original values,3,3.25T,WindRidge
184,1.071194226,1.375,0.33,1.14,0.37,48,50,25.1,3.47,5,3.816569897,17.23352331,3.252553799,15.33033654,Original values,3,1cls,JerHill
185,1.489501312,1.5137,0.36,1.18,0.35,34,53,26.1,3.43,5.7,3.816569897,17.23352331,3.252553799,15.33033654,Original values,3,1cls,JerHill
186,1.904527559,1.4185,0.38,1.24,0.36,43,39,25.1,3.62,4.4,3.816569897,17.23352331,3.252553799,15.33033654,Original values,3,1cls,JerHill
187,2.166994751,1.7285,0.32,0.82,0.25,34,38,23.9,3.41,5.2,3.816569897,17.23352331,3.252553799,15.33033654,Original values,3,1.5cls,JerHill
188,1.715059055,1.5064,0.36,1.17,0.27,41,46,24.8,3.66,4.6,3.816569897,17.23352331,3.252553799,15.33033654,Original values,3,1.5cls,JerHill
189,2.48523622,1.5725,0.25,0.88,0.27,28,41,24.8,3.47,4.6,3.816569897,17.23352331,3.252553799,15.33033654,Original values,3,1.5cls,JerHill
190,1.277326996,2.146,0.19,0.62,0.5,28,199,25.3,3.2,7.4,4.189264521,17.08306101,3.379452676,15.27102044,Original values,3,1cls,Roserock
191,1.357347481,1.9995,0.17,0.64,0.33,26,156,25,3.13,7.4,4.189264521,17.08306101,3.379452676,15.27102044,Original values,3,1cls,Roserock
192,1.328340055,2.206,0.16,0.69,0.38,32,147,25.6,3.18,8,4.189264521,17.08306101,3.379452676,15.27102044,Original values,3,1cls,Roserock
193,1.349345432,2.1002,0.16,0.55,0.35,26,151,24.3,3.2,7.2,4.189264521,17.08306101,3.379452676,15.27102044,Original values,3,1cls,Roserock
194,3.44988317,2.5248,0.16,0.55,0.32,20,143,21.7,3.14,7.5,4.189264521,17.08306101,3.379452676,15.27102044,Original values,3,NoThin,Roserock
195,2.968760003,1.9718,0.2,0.55,0.47,33,99,21.1,3.06,8,4.189264521,17.08306101,3.379452676,15.27102044,Original values,3,NoThin,Roserock
196,3.089790986,2.1114,0.15,0.58,0.31,34,124,23.4,3.15,6.9,4.189264521,17.08306101,3.379452676,15.27102044,Original values,3,NoThin,Roserock
197,2.981763331,2.2871,0.15,0.52,0.38,22,122,20.7,3.03,8.2,4.189264521,17.08306101,3.379452676,15.27102044,Original values,3,NoThin,Roserock
198,1.78293143,1.99,0.13,1.27,0.27,35,249,23.4,3.57,5.3,3.693568806,16.91304108,3.46468066,15.33445915,Original values,3,2T,estate
199,1.565575787,2.65,0.15,1.55,0.29,41,298,23.5,3.51,5.8,3.693568806,16.91304108,3.46468066,15.33445915,Original values,3,2T,estate
200,2.278133202,2.79,0.15,1.13,0.31,74,182,25.6,3.46,6.2,3.693568806,16.91304108,3.46468066,15.33445915,Original values,3,2T,estate
201,2.323244751,2.11,0.13,1.5,0.35,40,249,23.2,3.42,6.2,3.693568806,16.91304108,3.46468066,15.33445915,Original values,3,3T,estate
202,2.215592192,2.36,0.14,1.5,0.25,39,256,21.8,3.47,6,3.693568806,16.91304108,3.46468066,15.33445915,Original values,3,3T,estate
203,2.709768701,2.78,0.15,0.89,0.35,57,164,24.3,3.42,5.6,3.693568806,16.91304108,3.46468066,15.33445915,Original values,3,3T,estate
204,1.580052493,2.61,0.22,1.31,0.23,39,135,23.4,3.39,7.2,3.563741938,17.11203313,3.746716051,15.31365831,Original values,3,1cls,estate
205,1.583989501,2.17,0.2,1.63,0.31,33,175,23.9,3.45,6.9,3.563741938,17.11203313,3.746716051,15.31365831,Original values,3,1cls,estate
206,1.841863517,2.73,0.19,1.25,0.25,38,211,23,3.36,8,3.563741938,17.11203313,3.746716051,15.31365831,Original values,3,1cls,estate
207,1.891732283,2.81,0.18,1.39,0.22,32,177,23.4,3.41,7.2,3.563741938,17.11203313,3.746716051,15.31365831,Original values,3,1cls,estate
208,4.059711286,2.67,0.17,1.26,0.21,30,176,22.2,3.32,8,3.563741938,17.11203313,3.746716051,15.31365831,Original values,3,NoThin,estate
209,4.551618548,2.47,0.17,1.36,0.29,36,154,21.1,3.25,8.1,3.563741938,17.11203313,3.746716051,15.31365831,Original values,3,NoThin,estate
210,4.727690289,2.47,0.18,1.68,0.3,34,238,22.1,3.42,8.1,3.563741938,17.11203313,3.746716051,15.31365831,Original values,3,NoThin,estate
211,3.660761155,2.78,0.19,1.37,0.29,40,190,21.7,3.4,7.4,3.563741938,17.11203313,3.746716051,15.31365831,Original values,3,NoThin,estate
212,1.181102362,2.5974,0.14,0.46,0.57,18,200,21.3,3.31,4.9,5.97480535,17.13886858,3.459243006,15.27671992,Original values,3,1cls,WaldoHill
213,0.978510499,2.2334,0.14,0.41,1,25,319,24.4,3.39,5.3,5.97480535,17.13886858,3.459243006,15.27671992,Original values,3,1cls,WaldoHill
214,1.137631234,2.5064,0.14,0.46,0.72,20,275,24.2,3.41,4.8,5.97480535,17.13886858,3.459243006,15.27671992,Original values,3,1cls,WaldoHill
215,2.322014436,2.5179,0.15,0.43,0.61,18,198,18.2,3.17,5.4,5.97480535,17.13886858,3.459243006,15.27671992,Original values,3,NoThin,WaldoHill
216,2.931430446,2.4408,0.15,0.45,0.76,21,218,17.7,3.08,7,5.97480535,17.13886858,3.459243006,15.27671992,Original values,3,NoThin,WaldoHill
217,2.417158793,2.5356,0.14,0.38,0.76,24,244,19.1,3.23,5.3,5.97480535,17.13886858,3.459243006,15.27671992,Original values,3,NoThin,WaldoHill
218,2.44488189,2.18,0.18,1.99,0.21,30,138,24.2,3.31,7.1,3.681767778,17.22677837,3.736234374,15.41858599,Original values,3,1cls,estate
219,2.282808399,2.04,0.14,1.78,0.14,24,134,23.8,3.38,7.4,3.681767778,17.22677837,3.736234374,15.41858599,Original values,3,1cls,estate
220,3.594488189,1.97,0.18,1.77,0.13,26,122,23.7,3.3,7.8,3.681767778,17.22677837,3.736234374,15.41858599,Original values,3,2cls,estate
221,3.759186352,1.86,0.15,1.69,0.13,23,124,22.9,3.23,8.4,3.681767778,17.22677837,3.736234374,15.41858599,Original values,3,2cls,estate
222,0.757431694,2.21,0.18,0.8,0.48,32,238,25.2,3.51,5.9,6.091283881,15.82635989,14.72387621,13.64552391,Original values,4,1cls,estate
223,0.897015553,2.13,0.19,0.69,0.42,41,181,24.5,3.3,6.9,6.091283881,15.82635989,14.72387621,13.64552391,Original values,4,1cls,estate
224,0.928846707,2,0.18,0.77,0.44,39,189,24.4,3.33,7.1,6.091283881,15.82635989,14.72387621,13.64552391,Original values,4,1cls,estate
225,1.223005464,2.17,0.19,0.69,0.46,33,191,24.8,3.37,6.2,6.091283881,15.82635989,14.72387621,13.64552391,Original values,4,NoThin,estate
226,1.149611734,2.02,0.2,0.74,0.49,43,178,24.2,3.32,6.7,6.091283881,15.82635989,14.72387621,13.64552391,Original values,4,NoThin,estate
227,1.26923645,2.27,0.19,0.86,0.49,53,141,23.8,3.27,6.9,6.091283881,15.82635989,14.72387621,13.64552391,Original values,4,NoThin,estate
228,0.863815789,2.2972,0.2,1.76,0.25,41,243,23.8,3.49,5.8,4.971858085,17.19997473,10.67826135,14.35658784,Original values,4,1cls,JacobHart
229,0.651973684,2.44,0.15,1.74,0.26,33,294,25.2,3.58,5.3,4.971858085,17.19997473,10.67826135,14.35658784,Original values,4,1cls,JacobHart
230,0.932894737,2.79,0.18,1.35,0.2,30,270,25.1,3.61,5.4,4.971858085,17.19997473,10.67826135,14.35658784,Original values,4,1cls,JacobHart
231,1.440131579,2.65,0.21,1.6,0.21,35,271,24.3,3.48,6.1,4.971858085,17.19997473,10.67826135,14.35658784,Original values,4,2cls,JacobHart
232,1.146710526,2.58,0.16,1.28,0.22,33,228,25.6,3.56,5.2,4.971858085,17.19997473,10.67826135,14.35658784,Original values,4,2cls,JacobHart
233,1.588157895,2.89,0.19,1.25,0.2,27,299,24.9,3.55,5.5,4.971858085,17.19997473,10.67826135,14.35658784,Original values,4,2cls,JacobHart
234,1.288888889,2.05,0.12,1.46,0.33,40,128,21.7,3.32,6.7,4.693148425,16.92515218,10.80698504,14.17413948,Original values,4,1.75T,WindRidge
235,1.274747475,2.41,0.14,1.43,0.29,32,226,20.8,3.29,7.9,4.693148425,16.92515218,10.80698504,14.17413948,Original values,4,1.75T,WindRidge
236,1.190909091,2.14,0.12,1.14,0.23,35,93,21.9,3.32,6,4.693148425,16.92515218,10.80698504,14.17413948,Original values,4,1.75T,WindRidge
237,2.027272727,1.99,0.13,1.34,0.23,40,97,21.7,3.39,5.9,4.693148425,16.92515218,10.80698504,14.17413948,Original values,4,3.25T,WindRidge
238,2.1,2.31,0.13,1.56,0.29,34,182,21.6,3.38,6.8,4.693148425,16.92515218,10.80698504,14.17413948,Original values,4,3.25T,WindRidge
239,1.380808081,2.2,0.11,1.05,0.21,28,148,22,3.37,6.1,4.693148425,16.92515218,10.80698504,14.17413948,Original values,4,3.25T,WindRidge
240,0.721,2.2788,0.19,0.82,0.22,32,273,25.7,3.3,7.4,5.872784884,16.7742818,11.43103548,14.27576266,Original values,4,1cls,Roserock
241,0.824,2.3942,0.16,0.65,0.21,23,269,25.9,3.31,7,5.872784884,16.7742818,11.43103548,14.27576266,Original values,4,1cls,Roserock
242,0.783,2.1469,0.17,0.84,0.22,29,240,25.7,3.39,6.6,5.872784884,16.7742818,11.43103548,14.27576266,Original values,4,1cls,Roserock
243,1.401,2.0886,0.14,0.7,0.25,30,303,25.3,3.27,8,5.872784884,16.7742818,11.43103548,14.27576266,Original values,4,NoThin,Roserock
244,1.404,2.222,0.15,0.59,0.27,25,266,25.7,3.28,7.2,5.872784884,16.7742818,11.43103548,14.27576266,Original values,4,NoThin,Roserock
245,1.518,1.8149,0.14,0.66,0.27,33,206,25,3.23,7.2,5.872784884,16.7742818,11.43103548,14.27576266,Original values,4,NoThin,Roserock
246,0.811677632,1.9018,0.44,0.94,0.18,35,66,23.8,3.56,5.2,4.805160223,16.96840083,9.996200032,14.39688789,Original values,4,1cls,JerHill
247,1.240953947,1.7643,0.4,1.31,0.21,40,79,24.6,3.6,5,4.805160223,16.96840083,9.996200032,14.39688789,Original values,4,1cls,JerHill
248,1.027138158,1.9746,0.45,1.37,0.18,41,45,24.3,3.58,5.2,4.805160223,16.96840083,9.996200032,14.39688789,Original values,4,1cls,JerHill
249,1.541118421,1.9472,0.4,1.07,0.2,41,85,24.5,3.47,5.4,4.805160223,16.96840083,9.996200032,14.39688789,Original values,4,1.5cls,JerHill
250,1.513157895,1.8116,0.47,1.59,0.22,59,76,24.5,3.57,5.3,4.805160223,16.96840083,9.996200032,14.39688789,Original values,4,1.5cls,JerHill
251,1.666940789,2.0293,0.41,1.34,0.2,36,92,25.3,3.58,5.1,4.805160223,16.96840083,9.996200032,14.39688789,Original values,4,1.5cls,JerHill
252,1.154,1.88,0.23,1.24,0.24,25,202,25.2,3.54,5.6,4.996983873,16.99566705,11.63699467,14.32636265,Original values,4,1cls,GranMorPN
253,1.29,2.02,0.17,1.39,0.27,25,166,24.5,3.37,6,4.996983873,16.99566705,11.63699467,14.32636265,Original values,4,1cls,GranMorPN
254,1.075,1.89,0.21,1.92,0.22,32,199,25,3.5,6.1,4.996983873,16.99566705,11.63699467,14.32636265,Original values,4,1cls,GranMorPN
255,1.84,1.83,0.27,1.35,0.27,30,147,24.4,3.45,6,4.996983873,16.99566705,11.63699467,14.32636265,Original values,4,2cls,GranMorPN
256,1.924,1.85,0.22,1.31,0.32,28,221,25.2,3.43,6.3,4.996983873,16.99566705,11.63699467,14.32636265,Original values,4,2cls,GranMorPN
257,2.144,1.97,0.25,1.71,0.28,29,182,23.9,3.48,6.4,4.996983873,16.99566705,11.63699467,14.32636265,Original values,4,2cls,GranMorPN
258,1.08579235,2.02,0.18,0.98,0.29,44,246,24.9,3.38,6.2,5.985733353,16.89054044,11.3661946,14.4312774,Original values,4,1cls,Carter
259,1.545901639,2.61,0.17,0.88,0.33,35,227,25.3,3.43,6,5.985733353,16.89054044,11.3661946,14.4312774,Original values,4,1cls,Carter
260,1.355737705,2.67,0.18,0.98,0.24,28,264,25.6,3.41,6.4,5.985733353,16.89054044,11.3661946,14.4312774,Original values,4,1cls,Carter
261,2.204918033,2.65,0.19,1,0.24,53,184,24.8,3.26,7.3,5.985733353,16.89054044,11.3661946,14.4312774,Original values,4,NoThin,Carter
262,2.715300546,2.74,0.19,0.93,0.21,42,233,24.7,3.33,6.7,5.985733353,16.89054044,11.3661946,14.4312774,Original values,4,NoThin,Carter
263,2.067213115,2.62,0.19,0.85,0.23,33,236,26.6,3.28,6.6,5.985733353,16.89054044,11.3661946,14.4312774,Original values,4,NoThin,Carter
264,0.907,2.07,0.16,1.1,0.24,30,191,25,3.74,4.4,4.393233352,17.14091002,10.17017838,14.45990327,Original values,4,1cls,McCrone
265,1.163,1.86,0.15,1.1,0.27,36,168,24.9,3.67,4.6,4.393233352,17.14091002,10.17017838,14.45990327,Original values,4,1cls,McCrone
266,1.236,2.36,0.16,1.39,0.35,34,119,22.5,3.47,5.4,4.393233352,17.14091002,10.17017838,14.45990327,Original values,4,1cls,McCrone
267,1.532,2.25,0.17,1.23,0.29,35,202,25,3.54,5.1,4.393233352,17.14091002,10.17017838,14.45990327,Original values,4,NoThin,McCrone
268,1.524,2.4,0.16,1.11,0.21,30,214,24.6,3.69,4.8,4.393233352,17.14091002,10.17017838,14.45990327,Original values,4,NoThin,McCrone
269,1.535,2.47,0.16,1.06,0.24,28,176,24.9,3.59,4.8,4.393233352,17.14091002,10.17017838,14.45990327,Original values,4,NoThin,McCrone
270,1.135245902,2.2,0.13,1.5,0.24,37,345,25.3,3.62,5.8,5.253572059,16.62544225,10.04344403,14.39355781,Original values,4,2T,estate
271,1.418032787,2.42,0.15,1.46,0.24,74,395,24.8,3.58,6.6,5.253572059,16.62544225,10.04344403,14.39355781,Original values,4,2T,estate
272,2.355532787,2.33,0.14,1.55,0.27,71,185,24,3.34,6.9,5.253572059,16.62544225,10.04344403,14.39355781,Original values,4,2T,estate
273,1.507172131,2.02,0.14,2.1,0.23,53,445,25.7,3.6,6.5,5.253572059,16.62544225,10.04344403,14.39355781,Original values,4,3T,estate
274,1.49692623,2.18,0.13,1.96,0.19,42,369,23.4,3.55,6.8,5.253572059,16.62544225,10.04344403,14.39355781,Original values,4,3T,estate
275,2.706967213,2.68,0.14,1.48,0.31,76,196,23.1,3.25,6.8,5.253572059,16.62544225,10.04344403,14.39355781,Original values,4,3T,estate
276,0.867105263,2.0266,0.19,1.48,0.19,37,244,25.7,3.59,5.6,4.587376328,16.8256332,10.75489992,14.16258574,Original values,4,1cls,estate
277,0.924342105,2.4067,0.18,1.42,0.18,24,265,25,3.56,5.9,4.587376328,16.8256332,10.75489992,14.16258574,Original values,4,1cls,estate
278,0.896710526,2.3084,0.22,1.39,0.17,32,268,24.3,3.6,5.9,4.587376328,16.8256332,10.75489992,14.16258574,Original values,4,1cls,estate
279,1.635526316,2.4051,0.19,1.54,0.19,33,284,24.2,3.51,6.8,4.587376328,16.8256332,10.75489992,14.16258574,Original values,4,NoThin,estate
280,1.796710526,2.4064,0.2,1.44,0.19,30,275,24.2,3.48,7.4,4.587376328,16.8256332,10.75489992,14.16258574,Original values,4,NoThin,estate
281,1.641447368,2.57,0.21,1.64,0.18,29,263,24.5,3.5,7.1,4.587376328,16.8256332,10.75489992,14.16258574,Original values,4,NoThin,estate
282,0.690163934,2.47,0.14,0.45,0.64,23,289,25.7,3.31,5.9,5.93070968,16.78788002,12.84759245,14.14444897,Original values,4,1cls,WaldoHill
283,0.796721311,2.41,0.13,0.37,0.79,24,345,25.7,3.36,5.6,5.93070968,16.78788002,12.84759245,14.14444897,Original values,4,1cls,WaldoHill
284,0.747540984,2.12,0.14,0.45,0.86,28,305,26.1,3.34,5.7,5.93070968,16.78788002,12.84759245,14.14444897,Original values,4,1cls,WaldoHill
285,0.966393443,2.12,0.13,0.41,1,28,271,24.1,3.32,5.4,5.93070968,16.78788002,12.84759245,14.14444897,Original values,4,NoThin,WaldoHill
286,1.319672131,2.62,0.13,0.44,0.53,23,257,23.3,3.25,5.6,5.93070968,16.78788002,12.84759245,14.14444897,Original values,4,NoThin,WaldoHill
287,1.251639344,1.87,0.13,0.34,0.93,27,336,24.6,3.33,5.8,5.93070968,16.78788002,12.84759245,14.14444897,Original values,4,NoThin,WaldoHill
288,1.255921053,2.28,0.22,1.57,0.12,27,250,24.3,3.45,7,4.615145181,16.97069667,10.08875058,14.32938572,Original values,4,1cls,estate
289,0.880921053,2.13,0.15,2,0.12,28,231,24,3.43,7,4.615145181,16.97069667,10.08875058,14.32938572,Original values,4,1cls,estate
290,2.144078947,2.16,0.16,1.82,0.13,27,229,23.3,3.42,7.3,4.615145181,16.97069667,10.08875058,14.32938572,Original values,4,2cls,estate
291,1.898026316,2.16,0.14,1.95,0.1,24,230,23.7,3.44,7.1,4.615145181,16.97069667,10.08875058,14.32938572,Original values,4,2cls,estate
292,1.568421053,2.46,0.152,1.13,0.24,29.1,167.0855442,24.6,3.63,6.45,7.555854877,16.62574096,6.364181748,15.31296449,Original values,5,1cls,JacobHart
293,1.180263158,2.39,0.13,1.11,0.276,25,127.7495703,24.6,3.5,5.55,7.555854877,16.62574096,6.364181748,15.31296449,Original values,5,1cls,JacobHart
294,1.552631579,2.6,0.141,1.11,0.263,25.9,163.6792905,24,3.6,5.4,7.555854877,16.62574096,6.364181748,15.31296449,Original values,5,1cls,JacobHart
295,2.240789474,2.5,0.145,1.02,0.279,25.8,159.0598838,23.8,3.3,6.9,7.555854877,16.62574096,6.364181748,15.31296449,Original values,5,2cls,JacobHart
296,1.374342105,2.43,0.132,1.11,0.272,29.3,115.8662137,24.6,3.4,5.55,7.555854877,16.62574096,6.364181748,15.31296449,Original values,5,2cls,JacobHart
297,2.211184211,2.47,0.131,0.884,0.257,19.2,99.72982947,22.9,3.32,6.6,7.555854877,16.62574096,6.364181748,15.31296449,Original values,5,2cls,JacobHart
298,0.787978142,2.42,0.148,0.649,0.382,35.5,137.4530779,23.8,3.04,6.9,9.076894578,15.32035173,8.968169848,14.81752741,Original values,5,1cls,estate
299,0.907650273,2.04,0.132,0.611,0.444,46.3,99.44838769,23,2.94,7.65,9.076894578,15.32035173,8.968169848,14.81752741,Original values,5,1cls,estate
300,0.873770492,1.76,0.124,0.559,0.51,54.1,145.4399174,23.9,3.03,7.35,9.076894578,15.32035173,8.968169848,14.81752741,Original values,5,1cls,estate
301,1.393442623,1.88,0.131,0.606,0.425,39.1,133.1470939,20.9,2.85,7.95,9.076894578,15.32035173,8.968169848,14.81752741,Original values,5,NoThin,estate
302,0.756830601,2.28,0.133,0.672,0.451,43.8,161.1031764,23.3,3,7.2,9.076894578,15.32035173,8.968169848,14.81752741,Original values,5,NoThin,estate
303,1.313114754,1.93,0.128,0.617,0.436,52.3,109.2125509,22.5,2.97,7.125,9.076894578,15.32035173,8.968169848,14.81752741,Original values,5,NoThin,estate
304,1.131868132,2.16,0.164,1.09,0.166,17.2,90.71709029,24.1,3.55,6.9,6.65561614,16.08158304,6.894136567,15.10644462,Original values,5,1cls,Justice
305,1.043956044,2.35,0.134,1.13,0.281,14,104.3478601,23.1,3.57,6.45,6.65561614,16.08158304,6.894136567,15.10644462,Original values,5,1cls,Justice
306,0.769230769,1.94,0.146,1.14,0.188,22.4,83.0605609,24.1,3.42,7.05,6.65561614,16.08158304,6.894136567,15.10644462,Original values,5,1cls,Justice
307,1.703296703,2.38,0.174,1.34,0.156,16.8,113.5520422,23.5,3.48,6.6,6.65561614,16.08158304,6.894136567,15.10644462,Original values,5,NoThin,Justice
308,2.197802198,2.53,0.189,1.16,0.16,16.6,139.0891631,22.5,3.44,7.35,6.65561614,16.08158304,6.894136567,15.10644462,Original values,5,NoThin,Justice
309,2.087912088,2.13,0.152,1.27,0.15,21.2,49.45125942,23.6,3.41,6.75,6.65561614,16.08158304,6.894136567,15.10644462,Original values,5,NoThin,Justice
310,0.982828283,2.03,0.132,1.16,0.257,29,57.48994421,21.7,3.04,7.95,7.920321499,16.35681816,6.309062404,15.1284602,Original values,5,1.75T,WindRidge
311,1.055555556,2.52,0.145,1.4,0.29,32.9,122.9519713,22.4,3.1,7.8,7.920321499,16.35681816,6.309062404,15.1284602,Original values,5,1.75T,WindRidge
312,0.77979798,1.8,0.11,1.22,0.305,39.6,48.54595063,21.5,3.11,6.375,7.920321499,16.35681816,6.309062404,15.1284602,Original values,5,1.75T,WindRidge
313,1.182828283,1.86,0.115,1.28,0.261,44.2,57.41709766,22.1,3.14,6.6,7.920321499,16.35681816,6.309062404,15.1284602,Original values,5,3.25T,WindRidge
314,1.817171717,2.34,0.142,1.34,0.304,30.3,85.02727125,23.3,3.18,6.9,7.920321499,16.35681816,6.309062404,15.1284602,Original values,5,3.25T,WindRidge
315,1.743434343,2.12,0.0903,1.28,0.281,34.5,82.08619146,20.5,3.06,6.75,7.920321499,16.35681816,6.309062404,15.1284602,Original values,5,3.25T,WindRidge
316,0.825136612,2.05,0.119,1.1,0.313,21.9,113.4663732,23.2,3.14,7.2,6.594880554,15.90332571,6.860312847,14.97274865,Original values,5,2T,Eileen
317,0.849726776,1.9,0.13,1.01,0.245,19.1,159.7498961,23.5,3.11,6.9,6.594880554,15.90332571,6.860312847,14.97274865,Original values,5,2T,Eileen
318,0.831147541,2.08,0.128,0.858,0.213,16.7,110.5228707,23.6,3,6.75,6.594880554,15.90332571,6.860312847,14.97274865,Original values,5,2T,Eileen
319,1.154644809,2.44,0.128,1,0.212,16.3,157.4094355,23.7,3.09,6.9,6.594880554,15.90332571,6.860312847,14.97274865,Original values,5,2.8T,Eileen
320,1.116393443,2.04,0.121,0.88,0.319,21.8,145.1269615,23.9,3.03,6.6,6.594880554,15.90332571,6.860312847,14.97274865,Original values,5,2.8T,Eileen
321,1.108743169,2.11,0.133,0.771,0.26,18.7,104.2081494,23.8,3.04,6.45,6.594880554,15.90332571,6.860312847,14.97274865,Original values,5,2.8T,Eileen
322,1.431,2.37,0.148,0.691,0.425,31.1,204.1499486,24.2,3.2,8.25,6.799672002,16.19754579,7.255060232,15.14002553,Original values,5,1cls,Roserock
323,1.755,2.28,0.151,0.522,0.542,45.4,169.4482419,22.4,3.14,7.65,6.799672002,16.19754579,7.255060232,15.14002553,Original values,5,1cls,Roserock
324,1.867,2.5,0.145,0.628,0.351,30.1,150.6792032,24.3,3.16,8.1,6.799672002,16.19754579,7.255060232,15.14002553,Original values,5,1cls,Roserock
325,2.835,2.46,0.138,0.491,0.443,30.1,167.9250375,18.7,2.99,8.85,6.799672002,16.19754579,7.255060232,15.14002553,Original values,5,NoThin,Roserock
326,3.383,2.02,0.133,0.387,0.517,36.1,162.3746894,18.7,2.86,9.15,6.799672002,16.19754579,7.255060232,15.14002553,Original values,5,NoThin,Roserock
327,3.027,2.34,0.138,0.464,0.439,33.9,127.982779,20.6,2.96,8.85,6.799672002,16.19754579,7.255060232,15.14002553,Original values,5,NoThin,Roserock
328,1.106907895,1.63,0.414,0.88,2.92,60.1,51.2008531,23.5,3.16,6,6.311004307,16.40122137,6.1300226,15.1998237,Original values,5,1cls,JerHill
329,1.247532895,1.72,0.434,0.883,3.1,50.8,47.45709774,23.9,3.27,5.4,6.311004307,16.40122137,6.1300226,15.1998237,Original values,5,1cls,JerHill
330,1.169407895,1.57,0.453,0.989,2.81,38.4,40.90807182,22.7,3.2,6,6.311004307,16.40122137,6.1300226,15.1998237,Original values,5,1cls,JerHill
331,1.890625,1.85,0.383,0.716,0.287,38.6,50.72606962,22.4,3.1,6,6.311004307,16.40122137,6.1300226,15.1998237,Original values,5,1.5cls,JerHill
332,1.538651316,1.99,0.397,0.914,0.259,51.4,41.4299368,22.9,3.17,5.85,6.311004307,16.40122137,6.1300226,15.1998237,Original values,5,1.5cls,JerHill
333,1.591282895,1.8,0.42,0.816,0.257,35.5,40.59169958,22.9,3.21,5.55,6.311004307,16.40122137,6.1300226,15.1998237,Original values,5,1.5cls,JerHill
334,1.881420765,2.42,0.133,0.709,0.324,37.7,173.7968508,24.6,3.07,7.425,6.55038707,16.34921631,7.400584935,15.28260615,Original values,5,1cls,Carter
335,1.730601093,2.66,0.143,0.839,0.287,41.5,180.5744951,23.2,2.96,7.05,6.55038707,16.34921631,7.400584935,15.28260615,Original values,5,1cls,Carter
336,2.164480874,2.4,0.141,0.751,0.325,22.9,174.5194586,24.7,3.05,6.9,6.55038707,16.34921631,7.400584935,15.28260615,Original values,5,1cls,Carter
337,1.72568306,2.19,0.118,0.871,0.369,29.4,191.2821156,24.7,3.14,6.6,6.55038707,16.34921631,7.400584935,15.28260615,Original values,5,NoThin,Carter
338,2.964480874,2.56,0.142,0.653,0.323,27,118.4224555,24.2,2.94,7.5,6.55038707,16.34921631,7.400584935,15.28260615,Original values,5,NoThin,Carter
339,2.643715847,2.45,0.136,0.696,0.277,28.2,213.0156014,24.6,3.05,7.5,6.55038707,16.34921631,7.400584935,15.28260615,Original values,5,NoThin,Carter
340,1.71,2.24,0.127,0.923,0.267,30.8,134.9924532,25.1,3.59,7.125,7.336620465,16.56393763,5.92865265,15.39965699,Original values,5,1cls,McCrone
341,1.596,2.42,0.146,0.909,0.321,34.9,93.29048357,24.1,3.54,7.275,7.336620465,16.56393763,5.92865265,15.39965699,Original values,5,1cls,McCrone
342,1.72,2.58,0.138,0.787,0.299,22.2,98.52301222,23.5,3.4,7.425,7.336620465,16.56393763,5.92865265,15.39965699,Original values,5,1cls,McCrone
343,2.492,2.28,0.133,0.964,0.264,24.9,93.11472826,23.9,3.45,6.975,7.336620465,16.56393763,5.92865265,15.39965699,Original values,5,NoThin,McCrone
344,2.835,2.39,0.13,1.02,0.265,30.6,170.2250334,23.9,3.23,7.65,7.336620465,16.56393763,5.92865265,15.39965699,Original values,5,NoThin,McCrone
345,3.517,2.36,0.133,0.819,0.327,26.9,119.6162271,22.7,3.31,7.35,7.336620465,16.56393763,5.92865265,15.39965699,Original values,5,NoThin,McCrone
346,1.114754098,2.31,0.136,0.428,0.764,22.8,140.3392635,23.3,3.06,5.4,8.912789275,16.22454086,8.106017264,14.94825484,Original values,5,1cls,WaldoHill
347,1.300819672,2.46,0.152,0.365,0.722,23.4,184.8706008,22.7,3.03,5.25,8.912789275,16.22454086,8.106017264,14.94825484,Original values,5,1cls,WaldoHill
348,1.678688525,2.41,0.146,0.454,0.575,25,139.6342331,17.2,2.91,5.7,8.912789275,16.22454086,8.106017264,14.94825484,Original values,5,1cls,WaldoHill
349,1.904098361,2.46,0.135,0.389,0.796,22,169.6595875,19.5,2.88,6.15,8.912789275,16.22454086,8.106017264,14.94825484,Original values,5,NoThin,WaldoHill
350,2.453278689,2.48,0.147,0.438,0.702,21.6,202.6603405,18.5,2.89,6.45,8.912789275,16.22454086,8.106017264,14.94825484,Original values,5,NoThin,WaldoHill
351,2.43442623,2.6,0.143,0.343,0.696,21.1,236.7567559,19.9,2.99,5.55,8.912789275,16.22454086,8.106017264,14.94825484,Original values,5,NoThin,WaldoHill
352,0.987704918,1.8,0.132,0.459,0.467,39.1,140.0494486,23,3.06,9,7.366559143,15.61180151,3.477743017,14.02630051,Original values,6,1cls,estate
353,0.918306011,1.73,0.143,0.466,0.65,68.1,88.30925842,22.9,3.07,9.3,7.366559143,15.61180151,3.477743017,14.02630051,Original values,6,1cls,estate
354,0.881420765,1.72,0.136,0.416,0.66,64.1,91.65775619,22,3.08,8.55,7.366559143,15.61180151,3.477743017,14.02630051,Original values,6,1cls,estate
355,1.493442623,1.85,0.13,0.473,0.45,37,130.9715078,22.7,3.03,10.125,7.366559143,15.61180151,3.477743017,14.02630051,Original values,6,NoThin,estate
356,1.032513661,1.65,0.123,0.368,0.636,63.8,107.200952,20.6,2.94,9.45,7.366559143,15.61180151,3.477743017,14.02630051,Original values,6,NoThin,estate
357,1.312295082,1.57,0.142,0.457,0.52,62.6,95.44449464,20.5,3.08,8.85,7.366559143,15.61180151,3.477743017,14.02630051,Original values,6,NoThin,estate
358,1.400460526,2.03,0.123,0.927,0.288,34.7,113.59636,25.1,3.42,6.75,5.234052719,16.98467839,4.188269879,14.75847471,Original values,6,1cls,JacobHart
359,2.061052632,1.95,0.108,0.944,0.338,37.4,111.4045046,25.6,3.45,5.85,5.234052719,16.98467839,4.188269879,14.75847471,Original values,6,1cls,JacobHart
360,2.400950292,1.99,0.112,0.855,0.288,23.5,106.3494439,26.1,3.56,5.7,5.234052719,16.98467839,4.188269879,14.75847471,Original values,6,1cls,JacobHart
361,1.551315789,2.31,0.133,1.23,0.257,33.9,116.2327318,24.6,3.41,6.45,5.234052719,16.98467839,4.188269879,14.75847471,Original values,6,2cls,JacobHart
362,1.517763158,1.99,0.108,0.818,0.313,29.2,101.9262608,24.5,3.45,5.85,5.234052719,16.98467839,4.188269879,14.75847471,Original values,6,2cls,JacobHart
363,2.958333333,2.16,0.12,0.976,0.299,28.4,112.7942926,24.2,3.33,6.9,5.234052719,16.98467839,4.188269879,14.75847471,Original values,6,2cls,JacobHart
364,0.91978022,1.79,0.165,0.803,0.195,17.8,62.70088793,23.6,3.034,7.875,6.048989187,16.4008203,3.19292151,14.37037264,Original values,6,1cls,Justice
365,0.867032967,2.18,0.12,1.03,0.205,13.8,206.2472064,23,3.27,7.8,6.048989187,16.4008203,3.19292151,14.37037264,Original values,6,1cls,Justice
366,0.872527473,1.83,0.146,1.12,0.192,26.4,52.51523659,23.4,3.11,8.55,6.048989187,16.4008203,3.19292151,14.37037264,Original values,6,1cls,Justice
367,1.497802198,2.19,0.155,1.14,0.148,15.8,125.9983654,24,3.05,8.7,6.048989187,16.4008203,3.19292151,14.37037264,Original values,6,NoThin,Justice
368,1.858241758,2.11,0.155,1.15,0.151,18.2,91.33352393,23.7,3.06,8.025,6.048989187,16.4008203,3.19292151,14.37037264,Original values,6,NoThin,Justice
369,1.689010989,2.04,0.142,1.19,0.144,19.9,66.36532096,23.8,3.05,7.95,6.048989187,16.4008203,3.19292151,14.37037264,Original values,6,NoThin,Justice
370,0.798360656,1.98,0.116,1.04,0.191,16.1,90.41534895,23.9,2.99,8.4,5.921024739,16.2772029,3.052049398,14.29488309,Original values,6,2T,Eileen
371,0.833333333,1.96,0.118,1.03,0.225,20.9,82.91988316,23.4,3.02,8.25,5.921024739,16.2772029,3.052049398,14.29488309,Original values,6,2T,Eileen
372,2.8196834,1.82,0.115,0.876,0.171,18,68.33484218,23.2,2.97,8.25,5.921024739,16.2772029,3.052049398,14.29488309,Original values,6,2T,Eileen
373,4.1733078,2.3,0.118,0.791,0.204,14.9,85.26802518,23.6,2.95,9.225,5.921024739,16.2772029,3.052049398,14.29488309,Original values,6,2.4T,Eileen
374,3.946234,2.03,0.12,0.848,0.205,17.4,82.64270026,23.7,3.02,7.95,5.921024739,16.2772029,3.052049398,14.29488309,Original values,6,2.4T,Eileen
375,3.7720706,1.66,0.11,1,0.276,22.6,62.60957991,23.3,2.96,8.325,5.921024739,16.2772029,3.052049398,14.29488309,Original values,6,2.4T,Eileen
376,1.834,2.6,0.156,0.593,0.338,23.5,165.5095045,24.4,3.14,7.8,6.303395659,16.51453494,2.988201056,14.38968839,Original values,6,1cls,Roserock
377,1.626,2.38,0.151,0.462,0.376,31.5,146.6496185,22.1,3.04,8.25,6.303395659,16.51453494,2.988201056,14.38968839,Original values,6,1cls,Roserock
378,2.358,2.4,0.153,0.626,0.346,34.5,151.9323412,24.4,3.09,8.7,6.303395659,16.51453494,2.988201056,14.38968839,Original values,6,1cls,Roserock
379,2.732,2.58,0.158,0.553,0.353,27.1,194.9943635,23.9,3.03,7.8,6.303395659,16.51453494,2.988201056,14.38968839,Original values,6,NoThin,Roserock
380,2.873333333,2.18,0.14,0.375,0.381,31,169.1505283,19.5,2.99,7.95,6.303395659,16.51453494,2.988201056,14.38968839,Original values,6,NoThin,Roserock
381,2.613,2.29,0.146,0.453,0.42,37.7,163.2049951,24.1,3.01,9,6.303395659,16.51453494,2.988201056,14.38968839,Original values,6,NoThin,Roserock
382,0.991776316,1.94,0.297,0.719,0.228,32,56.39092426,23.9,3.12,7.725,5.300377466,16.59968005,2.713991409,14.31851696,Original values,6,1cls,JerHill
383,0.939144737,1.97,0.256,0.669,0.242,37.7,42.13782395,23.9,3.21,6.75,5.300377466,16.59968005,2.713991409,14.31851696,Original values,6,1cls,JerHill
384,1.190789474,1.96,0.26,0.736,0.281,45.9,43.95722704,23.7,3.24,6.975,5.300377466,16.59968005,2.713991409,14.31851696,Original values,6,1cls,JerHill
385,1.902138158,1.72,0.292,0.861,0.292,45.4,49.90398387,24.1,3.23,6.525,5.300377466,16.59968005,2.713991409,14.31851696,Original values,6,1.5cls,JerHill
386,1.229440789,1.87,0.314,0.597,0.255,37.3,47.48375303,23.6,3.31,6.975,5.300377466,16.59968005,2.713991409,14.31851696,Original values,6,1.5cls,JerHill
387,1.470394737,1.64,0.253,0.685,0.28,38.9,52.17212543,23.9,3.27,6.3,5.300377466,16.59968005,2.713991409,14.31851696,Original values,6,1.5cls,JerHill
388,1.253,2.03,0.186,0.865,0.283,28.1,101.5072113,25.7,3.41,5.85,6.146753714,16.65368737,4.064716084,14.5745522,Original values,6,1cls,GranMorPN
389,1.344,2.22,0.176,0.921,0.303,23.1,111.473011,25.4,3.3,6.3,6.146753714,16.65368737,4.064716084,14.5745522,Original values,6,1cls,GranMorPN
390,1.203,2,0.178,1.2,0.194,24.3,82.84987552,24.4,3.37,7.35,6.146753714,16.65368737,4.064716084,14.5745522,Original values,6,1cls,GranMorPN
391,1.798,1.86,0.213,0.977,0.206,25.7,68.05949337,24.6,3.18,7.05,6.146753714,16.65368737,4.064716084,14.5745522,Original values,6,2cls,GranMorPN
392,1.77,2.09,0.186,0.822,0.262,23.7,91.07263149,24.1,3.28,5.85,6.146753714,16.65368737,4.064716084,14.5745522,Original values,6,2cls,GranMorPN
393,1.711,2.22,0.189,0.957,0.193,24,85.06520343,23.7,3.27,6.75,6.146753714,16.65368737,4.064716084,14.5745522,Original values,6,2cls,GranMorPN
394,1.694535519,2.41,0.144,0.87,0.265,63.2,118.0868791,25.1,3.23,7.5,6.510612843,16.65332213,2.865393565,14.52795163,Original values,6,1cls,Carter
395,1.524590164,2.11,0.129,0.588,0.302,45.6,131.4639129,25.7,3.26,7.5,6.510612843,16.65332213,2.865393565,14.52795163,Original values,6,1cls,Carter
396,1.981967213,2.23,0.139,0.849,0.274,52.5,123.7315656,25.8,3.21,7.35,6.510612843,16.65332213,2.865393565,14.52795163,Original values,6,1cls,Carter
397,2.198907104,1.82,0.119,0.979,0.268,41.7,63.77112515,22.8,3.01,9.15,6.510612843,16.65332213,2.865393565,14.52795163,Original values,6,NoThin,Carter
398,2.312021858,2.08,0.136,0.823,0.222,49.5,113.7516377,24.6,3.12,7.95,6.510612843,16.65332213,2.865393565,14.52795163,Original values,6,NoThin,Carter
399,2.54863388,2.02,0.126,0.548,0.25,61.4,135.6299521,25.2,3.15,7.35,6.510612843,16.65332213,2.865393565,14.52795163,Original values,6,NoThin,Carter
400,1.07,1.93,0.118,0.819,0.3,30.3,68.66919493,24.6,3.53,5.25,5.027894583,16.8446871,3.700364482,14.68806587,Original values,6,1cls,McCrone
401,0.93,1.99,0.132,0.794,0.323,38.9,70.26723443,24.8,3.49,5.7,5.027894583,16.8446871,3.700364482,14.68806587,Original values,6,1cls,McCrone
402,0.97,2,0.12,0.755,0.331,26.2,76.18906654,24.3,3.48,6.3,5.027894583,16.8446871,3.700364482,14.68806587,Original values,6,1cls,McCrone
403,1.53,2.26,0.135,0.728,0.326,29.9,109.1732401,23.7,3.47,6.15,5.027894583,16.8446871,3.700364482,14.68806587,Original values,6,NoThin,McCrone
404,1.96,2.24,0.126,0.857,0.292,33,111.8980054,24.3,3.44,6.3,5.027894583,16.8446871,3.700364482,14.68806587,Original values,6,NoThin,McCrone
405,2,2.16,0.126,0.789,0.373,38,63.13736839,21.5,3.32,6.3,5.027894583,16.8446871,3.700364482,14.68806587,Original values,6,NoThin,McCrone
406,1.18442623,2.47,0.139,0.354,0.67,31.1,234.5035391,22.4,3.21,4.65,6.919225829,16.59837504,2.874758113,14.36162253,Original values,6,1cls,WaldoHill
407,1.326229508,2.41,0.145,0.321,0.762,37,210.7177216,22.7,3.17,4.95,6.919225829,16.59837504,2.874758113,14.36162253,Original values,6,1cls,WaldoHill
408,1.272131148,2.22,0.129,0.312,0.719,35.3,226.7260387,22.7,3.14,4.95,6.919225829,16.59837504,2.874758113,14.36162253,Original values,6,1cls,WaldoHill
409,2.462295082,2.39,0.143,0.314,0.761,32.8,212.8723419,20.7,3.14,5.25,6.919225829,16.59837504,2.874758113,14.36162253,Original values,6,NoThin,WaldoHill
410,2.268032787,2.46,0.137,0.303,0.754,29.4,180.0928621,20.4,3.09,5.55,6.919225829,16.59837504,2.874758113,14.36162253,Original values,6,NoThin,WaldoHill
411,1.996721311,2.49,0.146,0.281,0.843,32.8,214.1572507,21.5,3.13,4.65,6.919225829,16.59837504,2.874758113,14.36162253,Original values,6,NoThin,WaldoHill
412,0.597449909,2.21,0.144,0.663,0.35,33.9,76.75810783,24.5,3.27,7.05,9.511433398,15.47388198,6.640859162,12.69662876,Original values,7,1cls,estate
413,0.593806922,1.75,0.135,0.484,0.416,57,76.94977494,24.4,3.06,9.15,9.511433398,15.47388198,6.640859162,12.69662876,Original values,7,1cls,estate
414,0.409836066,1.86,0.132,0.52,0.379,47.2,81.86437822,25.7,3.2,8.4,9.511433398,15.47388198,6.640859162,12.69662876,Original values,7,1cls,estate
415,0.97996357,1.98,0.127,0.514,0.353,34.7,76.311411,24.6,3.19,7.5,9.511433398,15.47388198,6.640859162,12.69662876,Original values,7,NoThin,estate
416,0.420765027,1.96,0.136,0.472,0.427,47.8,107.7547996,24,3.09,8.85,9.511433398,15.47388198,6.640859162,12.69662876,Original values,7,NoThin,estate
417,0.593806922,1.85,0.129,0.611,0.377,49.9,90.97926421,25,3.22,7.65,9.511433398,15.47388198,6.640859162,12.69662876,Original values,7,NoThin,estate
418,0.996,2.42,0.12,1.4,0.352,19.5,145.5791843,23.1,3.4,7.05,7.807549498,15.79611782,5.008458159,12.86220592,Original values,7,1cls,FernCreek
419,0.602,2.45,0.123,1.64,0.317,19,129.8184164,23.8,3.52,6,7.807549498,15.79611782,5.008458159,12.86220592,Original values,7,1cls,FernCreek
420,0.601,2.33,0.111,1.56,0.224,20.1,120.8770808,22.6,3.37,6.6,7.807549498,15.79611782,5.008458159,12.86220592,Original values,7,1cls,FernCreek
421,1.382,2.46,0.13,1.58,0.347,21.2,129.0102413,23.2,3.57,6.6,7.807549498,15.79611782,5.008458159,12.86220592,Original values,7,2cls,FernCreek
422,1.029,2.26,0.114,1.91,0.429,21.5,167.1337587,23.7,3.71,5.85,7.807549498,15.79611782,5.008458159,12.86220592,Original values,7,2cls,FernCreek
423,0.999,2.32,0.114,1.65,0.232,19.8,103.3344071,22.4,3.59,5.7,7.807549498,15.79611782,5.008458159,12.86220592,Original values,7,2cls,FernCreek
424,0.819,1.94,0.118,1.48,0.295,17.9,68.04778663,24.2,3.96,7.2,7.818950575,15.73624279,4.791376387,12.79781614,Original values,7,1cls,GivingTree
425,1.092,2.11,0.119,1.12,0.4,16,130.4646812,25.1,4.1,6.75,7.818950575,15.73624279,4.791376387,12.79781614,Original values,7,1cls,GivingTree
426,0.965,2.23,0.133,1.43,0.223,14.5,130.5148861,23.7,4.02,8.1,7.818950575,15.73624279,4.791376387,12.79781614,Original values,7,1cls,GivingTree
427,1.525,2.12,0.124,1.35,0.296,16.6,77.16814835,24.4,4.02,6.9,7.818950575,15.73624279,4.791376387,12.79781614,Original values,7,2cls,GivingTree
428,2.023,2.22,0.126,1.31,0.343,15.5,80.37592615,24.3,3.98,7.65,7.818950575,15.73624279,4.791376387,12.79781614,Original values,7,2cls,GivingTree
429,2.115,2.16,0.124,1.5,0.201,15.4,79.35189667,23.9,4,7.65,7.818950575,15.73624279,4.791376387,12.79781614,Original values,7,2cls,GivingTree
430,1.289473684,2.53,0.152,1,0.218,21.1,128.0638111,21.3,4.01,6.9,6.496034388,16.60128658,5.334288142,13.26365297,Original values,7,1cls,JacobHart
431,0.890789474,2.42,0.14,0.989,0.234,23.5,88.06957109,23.5,4.06,6,6.496034388,16.60128658,5.334288142,13.26365297,Original values,7,1cls,JacobHart
432,1.150657895,2.53,0.172,1.07,0.225,23.2,120.0039632,23.3,4.03,6.6,6.496034388,16.60128658,5.334288142,13.26365297,Original values,7,1cls,JacobHart
433,1.605921053,2.35,0.137,1.11,0.192,22.2,141.7334648,22.5,4.01,7.2,6.496034388,16.60128658,5.334288142,13.26365297,Original values,7,2cls,JacobHart
434,1.248684211,2.28,0.135,1.02,0.201,23.6,114.3722076,22.4,3.99,6.75,6.496034388,16.60128658,5.334288142,13.26365297,Original values,7,2cls,JacobHart
435,2,2.71,0.175,1.15,0.185,22.4,119.4510524,22.4,3.26,7.8,6.496034388,16.60128658,5.334288142,13.26365297,Original values,7,2cls,JacobHart
436,0.794505495,2.14,0.167,0.923,0.154,15.6,120.0781518,23.2,3.12,7.8,8.524678405,16.09345991,5.473979565,13.02344199,Original values,7,1cls,Justice
437,0.929181929,1.94,0.122,1.31,0.237,14,145.2658455,23.1,3.21,7.2,8.524678405,16.09345991,5.473979565,13.02344199,Original values,7,1cls,Justice
438,1.203296703,2.26,0.136,1.25,0.152,19,137.3172338,22.5,3.16,8.4,8.524678405,16.09345991,5.473979565,13.02344199,Original values,7,1cls,Justice
439,1.256043956,2.34,0.143,1.17,0.153,15.1,160.0207476,22,3.2,9.15,8.524678405,16.09345991,5.473979565,13.02344199,Original values,7,NoThin,Justice
440,1.327472527,2.48,0.157,1.27,0.119,16.1,164.5577738,22.2,3.19,8.4,8.524678405,16.09345991,5.473979565,13.02344199,Original values,7,NoThin,Justice
441,1.684615385,2.27,0.138,1.03,0.147,16.2,89.13041323,23.2,3.15,8.7,8.524678405,16.09345991,5.473979565,13.02344199,Original values,7,NoThin,Justice
442,1.123,2.51,0.153,0.785,0.264,38,163.3090352,24.2,3.13,8.4,9.42165904,16.18444858,5.666488128,13.06303064,Original values,7,1cls,Roserock
443,1.472,2.48,0.15,0.585,0.321,30.9,156.8638634,23.9,3.15,7.95,9.42165904,16.18444858,5.666488128,13.06303064,Original values,7,1cls,Roserock
444,1.442,2.41,0.149,0.682,0.313,35.4,160.6825952,24.5,3.24,8.25,9.42165904,16.18444858,5.666488128,13.06303064,Original values,7,1cls,Roserock
445,1.556,2.55,0.149,0.697,0.31,34,156.8017817,22.5,3.04,7.05,9.42165904,16.18444858,5.666488128,13.06303064,Original values,7,NoThin,Roserock
446,1.691,2.21,0.147,0.587,0.332,37.4,149.1682529,22,2.99,7.8,9.42165904,16.18444858,5.666488128,13.06303064,Original values,7,NoThin,Roserock
447,1.687,1.98,0.145,0.776,0.331,42.1,140.8955829,22.1,3.06,7.2,9.42165904,16.18444858,5.666488128,13.06303064,Original values,7,NoThin,Roserock
448,0.841447368,1.91,0.459,1.09,0.146,35.9,52.28812964,23.4,3.28,7.65,7.517056981,16.35815246,5.044513965,13.15829758,Original values,7,1cls,JerHill
449,0.980921053,2.09,0.513,1.15,0.178,38.8,52.19175625,23.7,3.32,6.9,7.517056981,16.35815246,5.044513965,13.15829758,Original values,7,1cls,JerHill
450,1.121710526,1.97,0.587,1.16,0.135,37.4,71.92487438,23.4,3.31,6.75,7.517056981,16.35815246,5.044513965,13.15829758,Original values,7,1cls,JerHill
451,1.326315789,1.79,0.483,1.25,0.122,49.7,37.58219647,22.8,3.07,6.9,7.517056981,16.35815246,5.044513965,13.15829758,Original values,7,1.5cls,JerHill
452,1.405263158,2.06,0.555,1.08,0.147,30.8,88.17464317,23.9,3.24,7.2,7.517056981,16.35815246,5.044513965,13.15829758,Original values,7,1.5cls,JerHill
453,1.589473684,1.87,0.467,0.991,0.158,40.5,69.74010895,22.8,3.23,6.9,7.517056981,16.35815246,5.044513965,13.15829758,Original values,7,1.5cls,JerHill
454,1.036184211,2.08,0.185,1.07,0.103,24.6,86.77629055,23.9,3.26,4.95,5.95755372,16.26895345,5.225491384,12.94082772,Original values,7,1cls,JohnsonSch
455,1.319078947,2.39,0.257,1.09,0.13,24.6,127.3027557,25.3,3.23,7.2,5.95755372,16.26895345,5.225491384,12.94082772,Original values,7,1cls,JohnsonSch
456,1.268421053,2.12,0.478,1.26,0.086,26.8,105.5172845,24.4,3.23,4.8,5.95755372,16.26895345,5.225491384,12.94082772,Original values,7,1cls,JohnsonSch
457,2.520394737,2.26,0.351,1.01,0.137,24.4,101.3818295,24,3.15,7.5,5.95755372,16.26895345,5.225491384,12.94082772,Original values,7,2cls,JohnsonSch
458,2.16374269,2.05,0.351,1.56,0.097,28.9,107.5197175,23.7,3.18,7.2,5.95755372,16.26895345,5.225491384,12.94082772,Original values,7,2cls,JohnsonSch
459,1.194,2.18,0.264,1.21,0.222,28.7,70.27336989,22.5,3.38,7.5,6.700626828,16.28333302,5.28008287,13.1469038,Original values,7,1cls,GranMorPN
460,1.061,2.22,0.229,1.15,0.244,30.8,102.9035746,23.8,3.28,7.2,6.700626828,16.28333302,5.28008287,13.1469038,Original values,7,1cls,GranMorPN
461,1.212,2.22,0.212,1.51,0.202,37.1,92.05593936,22.3,3.42,7.5,6.700626828,16.28333302,5.28008287,13.1469038,Original values,7,1cls,GranMorPN
462,1.226,2.1,0.311,1.22,0.183,29.3,54.60745787,21.5,3.31,7.65,6.700626828,16.28333302,5.28008287,13.1469038,Original values,7,2cls,GranMorPN
463,1.646,2.18,0.212,1.13,0.231,28.9,49.48508863,22.3,3.24,7.35,6.700626828,16.28333302,5.28008287,13.1469038,Original values,7,2cls,GranMorPN
464,2.098,2.26,0.226,1.36,0.204,26.3,100.820455,22.9,3.32,7.8,6.700626828,16.28333302,5.28008287,13.1469038,Original values,7,2cls,GranMorPN
465,1.48579235,2.48,0.149,0.983,0.232,43.7,114.8310919,23.7,3.2,7.35,9.490613932,16.26502862,5.582129004,13.15277848,Original values,7,1cls,Carter
466,1.530054645,2.43,0.147,0.96,0.218,38.8,124.7607552,23.8,3.22,7.35,9.490613932,16.26502862,5.582129004,13.15277848,Original values,7,1cls,Carter
467,1.590163934,2.32,0.141,0.871,0.244,35,108.7417819,23.8,3.23,7.35,9.490613932,16.26502862,5.582129004,13.15277848,Original values,7,1cls,Carter
468,1.907103825,2.28,0.155,1.3,0.27,47.4,58.38667038,21.8,3.13,8.7,9.490613932,16.26502862,5.582129004,13.15277848,Original values,7,NoThin,Carter
469,1.836065574,2.38,0.148,0.95,0.232,41.9,125.704604,22.5,3.22,7.8,9.490613932,16.26502862,5.582129004,13.15277848,Original values,7,NoThin,Carter
470,1.825136612,2.35,0.139,0.868,0.218,46.3,139.3362715,23.9,3.22,8.1,9.490613932,16.26502862,5.582129004,13.15277848,Original values,7,NoThin,Carter
471,0.994,2.28,0.123,0.968,0.207,23.1,118.6172664,23.7,3.42,6.6,6.374963603,16.53084217,4.758158052,13.36725318,Original values,7,1cls,McCrone
472,0.678,2.34,0.133,1.03,0.244,29.1,98.05338241,24.1,3.46,6.6,6.374963603,16.53084217,4.758158052,13.36725318,Original values,7,1cls,McCrone
473,0.974,2.42,0.146,1.18,0.279,32.9,138.1227637,23.7,3.46,6.45,6.374963603,16.53084217,4.758158052,13.36725318,Original values,7,1cls,McCrone
474,1.404,2.37,0.132,1.1,0.202,28,108.0594552,23.8,3.37,6.9,6.374963603,16.53084217,4.758158052,13.36725318,Original values,7,NoThin,McCrone
475,1.282,2.49,0.123,1.16,0.183,23.3,118.5296551,24.5,3.48,6.3,6.374963603,16.53084217,4.758158052,13.36725318,Original values,7,NoThin,McCrone
476,1.562,2.42,0.128,1.11,0.21,26.3,85.58305957,23.9,3.45,6.3,6.374963603,16.53084217,4.758158052,13.36725318,Original values,7,NoThin,McCrone
477,0.849180328,2.46,0.134,0.449,0.578,17.3,148.2575408,22,3.11,5.4,9.627946196,16.27027692,6.089215082,13.03427419,Original values,7,1cls,WaldoHill
478,0.780327869,2.45,0.14,0.381,0.616,24,118.9465572,21.3,3.12,5.4,9.627946196,16.27027692,6.089215082,13.03427419,Original values,7,1cls,WaldoHill
479,0.92295082,2.26,0.13,0.414,0.574,17.9,117.7459858,20.8,3.04,6,9.627946196,16.27027692,6.089215082,13.03427419,Original values,7,1cls,WaldoHill
480,1.385245902,2.56,0.151,0.424,0.645,20.6,143.6315126,20.5,3.14,6,9.627946196,16.27027692,6.089215082,13.03427419,Original values,7,NoThin,WaldoHill
481,1.463934426,2.5,0.145,0.397,0.663,22.6,134.2617818,19.3,3.01,5.85,9.627946196,16.27027692,6.089215082,13.03427419,Original values,7,NoThin,WaldoHill
482,1.145081967,2.4,0.144,0.364,0.742,27,134.8890616,19.9,3.09,5.7,9.627946196,16.27027692,6.089215082,13.03427419,Original values,7,NoThin,WaldoHill
483,0.756590164,1.62,0.12,0.531,0.442,42.8,82.16087151,21.5,3.15,7.95,6.463281727,15.17995593,4.171694586,15.26554655,Original values,8,1cls,estate
484,0.689770492,1.86,0.137,0.497,0.48,49.6,63.38711074,21,2.95,9,6.463281727,15.17995593,4.171694586,15.26554655,Original values,8,1cls,estate
485,0.787295082,1.9,0.126,0.66,0.352,28.9,119.5916721,22.8,3.22,8.4,6.463281727,15.17995593,4.171694586,15.26554655,Original values,8,1cls,estate
486,1.107213115,1.73,0.121,0.601,0.371,33.9,93.05420064,20.5,3.14,9.15,6.463281727,15.17995593,4.171694586,15.26554655,Original values,8,NoThin,estate
487,0.876065574,1.82,0.131,0.5,0.528,45.8,85.10315443,19.7,3.12,10.05,6.463281727,15.17995593,4.171694586,15.26554655,Original values,8,NoThin,estate
488,0.95815847,1.64,0.118,0.485,0.439,46.6,101.4691923,22.1,3.23,10.35,6.463281727,15.17995593,4.171694586,15.26554655,Original values,8,NoThin,estate
489,0.502631579,2.92,0.29,1.37,0.198,32.9,166.7722086,25.3,3.55,6.375,6.333115016,16.29805608,3.265876307,15.69015591,Original values,8,1cls,JacobHart
490,0.542763158,2.64,0.165,1.2,0.208,26.6,172.5847857,26.4,3.6,5.4,6.333115016,16.29805608,3.265876307,15.69015591,Original values,8,1cls,JacobHart
491,0.834210526,2.5,0.194,1.31,0.203,22.6,170.7025365,25.1,3.58,6.6,6.333115016,16.29805608,3.265876307,15.69015591,Original values,8,1cls,JacobHart
492,0.970394737,2.84,0.239,1.37,0.173,24.7,164.4220117,24.4,3.5,7.35,6.333115016,16.29805608,3.265876307,15.69015591,Original values,8,2cls,JacobHart
493,1.086842105,2.63,0.155,1.19,0.192,21.5,124.4969176,24.3,3.55,6.45,6.333115016,16.29805608,3.265876307,15.69015591,Original values,8,2cls,JacobHart
494,0.930263158,2.28,0.151,1.24,0.193,19,187.0078856,26.5,3.66,6.3,6.333115016,16.29805608,3.265876307,15.69015591,Original values,8,2cls,JacobHart
495,0.905,2.64,0.178,1.42,0.316,21.2,199.44781,22.9,3.42,7.8,6.065321569,15.58399931,3.485453743,15.17502958,Original values,8,1cls,FernCreek
496,0.775,2.38,0.163,1.67,0.329,18.6,234.0425782,23.1,3.62,6.9,6.065321569,15.58399931,3.485453743,15.17502958,Original values,8,1cls,FernCreek
497,0.636,2.59,0.176,1.5,0.238,20,184.9924408,23.1,3.42,7.875,6.065321569,15.58399931,3.485453743,15.17502958,Original values,8,1cls,FernCreek
498,1.386,2.72,0.163,1.21,0.268,16.1,266.439433,22,3.35,8.1,6.065321569,15.58399931,3.485453743,15.17502958,Original values,8,2cls,FernCreek
499,1.042,2.32,0.147,1.8,0.284,20.7,342.3194937,23.5,3.45,6.975,6.065321569,15.58399931,3.485453743,15.17502958,Original values,8,2cls,FernCreek
500,1.071,2.35,0.16,1.62,0.259,19.3,232.8108814,22.7,3.3,8.1,6.065321569,15.58399931,3.485453743,15.17502958,Original values,8,2cls,FernCreek
501,0.563,1.64,0.119,1.29,0.23,21.6,117.2588173,26.8,3.23,6.15,6.11415915,15.53480366,3.493686048,15.16445408,Original values,8,1cls,GivingTree
502,0.565555556,1.86,0.138,1.42,0.289,20.4,137.5609583,27.3,3.64,5.85,6.11415915,15.53480366,3.493686048,15.16445408,Original values,8,1cls,GivingTree
503,0.728,1.88,0.138,1.5,0.164,16.4,109.0557423,25.9,3.43,6.9,6.11415915,15.53480366,3.493686048,15.16445408,Original values,8,1cls,GivingTree
504,1.002,1.83,0.135,1.32,0.265,17.3,102.7999677,27.4,3.4,6.225,6.11415915,15.53480366,3.493686048,15.16445408,Original values,8,2cls,GivingTree
505,0.988,2.09,0.139,1.29,0.242,17.9,123.3718835,27,3.45,7.65,6.11415915,15.53480366,3.493686048,15.16445408,Original values,8,2cls,GivingTree
506,1.054,1.75,0.124,1.54,0.169,17.7,83.96980852,26.2,3.3,6.75,6.11415915,15.53480366,3.493686048,15.16445408,Original values,8,2cls,GivingTree
507,0.426373626,2.49,0.173,1.26,0.157,17.5,147.6149087,23.6,3.25,7.2,7.319788164,15.78072003,3.581594588,15.315404,Original values,8,1cls,Justice
508,0.39010989,2.75,0.158,1.21,0.22,16.9,203.9026392,23.2,3.38,6.45,7.319788164,15.78072003,3.581594588,15.315404,Original values,8,1cls,Justice
509,0.492307692,2.53,0.164,1.2,0.171,22.2,110.5112545,21.6,3.12,8.1,7.319788164,15.78072003,3.581594588,15.315404,Original values,8,1cls,Justice
510,0.607692308,2.39,0.197,1.06,0.153,18.2,361.9330903,24,3.52,7.05,7.319788164,15.78072003,3.581594588,15.315404,Original values,8,NoThin,Justice
511,0.913186813,2.75,0.205,1.29,0.151,19.6,237.598717,21.9,3.34,6.9,7.319788164,15.78072003,3.581594588,15.315404,Original values,8,NoThin,Justice
512,0.653846154,2.6,0.167,1.28,0.159,20.8,140.3221472,23.4,3.2,8.1,7.319788164,15.78072003,3.581594588,15.315404,Original values,8,NoThin,Justice
513,0.744,2.55,0.143,0.725,0.234,31.6,289.9386563,23.6,3.25,8.925,7.850336575,15.88831351,3.814847275,15.26308813,Original values,8,1cls,Roserock
514,0.404,2.44,0.144,0.602,0.251,27.4,236.3286776,24.6,3.29,8.5875,7.850336575,15.88831351,3.814847275,15.26308813,Original values,8,1cls,Roserock
515,0.654,2.08,0.125,0.864,0.205,28.1,277.6146844,24.6,3.32,8.55,7.850336575,15.88831351,3.814847275,15.26308813,Original values,8,1cls,Roserock
516,0.997,2.34,0.154,0.751,0.253,35.2,220.113328,24.2,3.23,8.7,7.850336575,15.88831351,3.814847275,15.26308813,Original values,8,NoThin,Roserock
517,1.247,2.37,0.153,0.586,0.329,30.7,241.5618327,24.6,3.16,9,7.850336575,15.88831351,3.814847275,15.26308813,Original values,8,NoThin,Roserock
518,1.315,2.7,0.164,0.647,0.284,42.5,239.8203409,23.6,3.18,8.775,7.850336575,15.88831351,3.814847275,15.26308813,Original values,8,NoThin,Roserock
519,0.819736842,2.48,0.423,1.01,0.218,42.7,133.209232,23,3.5,6.15,5.860648376,16.00929272,3.018226869,15.29400026,Original values,8,1cls,JerHill
520,0.883552632,2.18,0.464,1.24,0.291,49,83.01068702,22.9,3.58,5.625,5.860648376,16.00929272,3.018226869,15.29400026,Original values,8,1cls,JerHill
521,0.925657895,2.67,0.375,1.06,0.22,43,111.1497341,23.8,3.54,5.85,5.860648376,16.00929272,3.018226869,15.29400026,Original values,8,1cls,JerHill
522,0.968421053,2.45,0.301,0.885,0.224,37.9,146.0055135,21.7,3.34,7.425,5.860648376,16.00929272,3.018226869,15.29400026,Original values,8,1.5cls,JerHill
523,1.198684211,2.61,0.414,1.08,0.185,37.3,106.9910481,23.1,3.49,6.3,5.860648376,16.00929272,3.018226869,15.29400026,Original values,8,1.5cls,JerHill
524,1.156578947,2.81,0.443,0.965,0.222,35.6,87.8379688,23.1,3.48,6.6,5.860648376,16.00929272,3.018226869,15.29400026,Original values,8,1.5cls,JerHill
525,0.965789474,1.93,0.305,1.07,0.093,31.6,46.65494563,24.2,3.51,6.6,5.075459131,15.81538805,3.333051605,15.39163064,Original values,8,1cls,JohnsonSch
526,0.864473684,2.1,0.247,1.17,0.127,26.1,78.23184671,24.3,3.4,7.5,5.075459131,15.81538805,3.333051605,15.39163064,Original values,8,1cls,JohnsonSch
527,0.927631579,1.65,0.443,1.16,0.054,23,73.36445568,24.6,3.41,7.65,5.075459131,15.81538805,3.333051605,15.39163064,Original values,8,1cls,JohnsonSch
528,1.405921053,1.91,0.168,1.03,0.093,22.6,62.49546288,25,3.43,7.35,5.075459131,15.81538805,3.333051605,15.39163064,Original values,8,2cls,JohnsonSch
529,1.450657895,2.11,0.308,1.06,0.088,25.6,63.04184804,25.1,3.39,7.5375,5.075459131,15.81538805,3.333051605,15.39163064,Original values,8,2cls,JohnsonSch
530,1.646929825,1.81,0.277,1.33,0.059,31.7,88.47290104,25.4,3.39,7.6875,5.075459131,15.81538805,3.333051605,15.39163064,Original values,8,2cls,JohnsonSch
531,0.624,2.24,0.256,1.21,0.187,20.6,121.5197755,23.7,3.44,6.6,5.811524722,15.98793393,3.535409704,15.49920727,Original values,8,1cls,GranMorPN
532,0.575,2.5,0.22,1.18,0.242,27.2,195.1794854,24,3.45,6.525,5.811524722,15.98793393,3.535409704,15.49920727,Original values,8,1cls,GranMorPN
533,0.685,2.28,0.275,1.39,0.166,24.4,161.2992619,24.3,3.54,6.3,5.811524722,15.98793393,3.535409704,15.49920727,Original values,8,1cls,GranMorPN
534,1.056,2.34,0.292,1.19,0.161,23,165.8795273,23.5,3.35,6.75,5.811524722,15.98793393,3.535409704,15.49920727,Original values,8,2cls,GranMorPN
535,0.646,2.25,0.25,1.12,0.234,26.8,187.4097476,23.1,3.4,7.05,5.811524722,15.98793393,3.535409704,15.49920727,Original values,8,2cls,GranMorPN
536,1.042,2.5,0.229,1.29,0.166,21.8,153.3385569,23.2,3.4,6.9,5.811524722,15.98793393,3.535409704,15.49920727,Original values,8,2cls,GranMorPN
537,0.739344262,2.38,0.143,0.962,0.214,47.2,149.032211,23.8,3.29,7.125,8.039678504,15.98883792,3.817218295,15.2873599,Original values,8,1cls,Carter
538,0.718032787,2.27,0.16,0.983,0.234,50,143.7515107,23.6,3.34,7.5,8.039678504,15.98883792,3.817218295,15.2873599,Original values,8,1cls,Carter
539,0.873224044,2.44,0.164,0.888,0.214,43,119.1688129,23.5,3.35,7.35,8.039678504,15.98883792,3.817218295,15.2873599,Original values,8,1cls,Carter
540,0.93989071,2.19,0.174,0.882,0.256,57.4,133.1907937,22.9,3.17,8.7,8.039678504,15.98883792,3.817218295,15.2873599,Original values,8,NoThin,Carter
541,1.080327869,2.48,0.177,0.966,0.215,52.6,109.1609009,22.9,3.21,7.5,8.039678504,15.98883792,3.817218295,15.2873599,Original values,8,NoThin,Carter
542,1.013661202,2.51,0.162,0.857,0.186,56.4,175.084555,23.7,3.25,7.05,8.039678504,15.98883792,3.817218295,15.2873599,Original values,8,NoThin,Carter
543,0.625,2.36,0.139,1.13,0.252,35.1,181.792837,23.9,3.38,7.05,5.163158051,16.18128085,3.350278494,15.67958868,Original values,8,1cls,McCrone
544,0.63,2.75,0.147,1.06,0.21,38.8,152.8886207,23.2,3.34,7.2,5.163158051,16.18128085,3.350278494,15.67958868,Original values,8,1cls,McCrone
545,0.455,2.68,0.157,1.11,0.201,32.5,148.9866431,23.1,3.31,8.1,5.163158051,16.18128085,3.350278494,15.67958868,Original values,8,1cls,McCrone
546,0.93,2.44,0.138,1.08,0.197,43.2,150.0233852,23,3.33,7.2,5.163158051,16.18128085,3.350278494,15.67958868,Original values,8,NoThin,McCrone
547,0.968,2.72,0.147,1.26,0.183,50.4,172.1201896,23.5,3.34,7.2,5.163158051,16.18128085,3.350278494,15.67958868,Original values,8,NoThin,McCrone
548,1.515,2.73,0.149,1.14,0.198,42.9,145.1377205,23.8,3.35,6.9,5.163158051,16.18128085,3.350278494,15.67958868,Original values,8,NoThin,McCrone
549,0.704918033,2.67,0.146,0.434,0.558,24.1,256.7991066,22.4,3.17,7.2,7.752116133,15.91683688,4.119801162,15.10635083,Original values,8,1cls,WaldoHill
550,0.863934426,2.66,0.154,0.403,0.603,29.5,335.4755304,21.6,3.16,7.95,7.752116133,15.91683688,4.119801162,15.10635083,Original values,8,1cls,WaldoHill
551,0.639344262,2.35,0.14,0.487,0.515,20.9,297.1833255,22,3.31,7.05,7.752116133,15.91683688,4.119801162,15.10635083,Original values,8,1cls,WaldoHill
552,0.781147541,2.59,0.14,0.4,0.521,23.9,380.5797298,21.4,3.22,7.2,7.752116133,15.91683688,4.119801162,15.10635083,Original values,8,NoThin,WaldoHill
553,1.063114754,2.6,0.137,0.375,0.577,20.5,257.518428,21.8,3.23,7.5,7.752116133,15.91683688,4.119801162,15.10635083,Original values,8,NoThin,WaldoHill
554,0.92295082,2.68,0.149,0.366,0.619,29.5,333.8355284,21,3.25,7.05,7.752116133,15.91683688,4.119801162,15.10635083,Original values,8,NoThin,WaldoHill
